id,text,label
75281,ទេសភាពវាលស្មៅខៀវខ្ចីស្រស់ស្រាយណាស់,POS
75282,ខ្ញុំមិនសប្បាយចិត្តនឹងពាក្យសម្តីមើលងាយនោះទេ,NEG
75283,នាងកំពុងទិញផ្លែឈើនៅផ្សារសាមគ្គី,NEU
75284,ការជួយគ្នាក្នុងគ្រាលំបាកជារឿងប្រពៃ,POS
75285,សំឡេងម៉ាស៊ីនត្រជាក់នេះរំខានខ្លាំងណាស់,NEG
75286,ក្មេងៗកំពុងរៀនហែលទឹកនៅអាង,NEU
75287,បរិយាកាសក្នុងហាងនេះពិតជារ៉ូមែនទិក,POS
75288,ខ្ញុំមានអារម្មណ៍ថាមិនមានសុវត្ថិភាពនៅតំបន់នេះ,NEG
75289,ឡានក្រុងចេញដំណើរនៅម៉ោងប្រាំបីព្រឹក,NEU
75290,គំនិតច្នៃប្រឌិតនេះពិតជាប្លែកនិងអស្ចារ្យ,POS
75291,ការកុហកបោកប្រាស់ធ្វើឱ្យបាត់បង់ទំនុកចិត្ត,NEG
75292,គាត់កំពុងសរសេរសារទៅមិត្តភក្តិ,NEU
75293,ខ្ញុំពេញចិត្តនឹងលទ្ធផលនៃការប្រឡងនេះណាស់,POS
75294,ផ្លូវនេះមានធូលីច្រើនធ្វើឱ្យប៉ះពាល់សុខភាព,NEG
75295,យើងញ៉ាំបាយជាមួយត្រីអាំងនិងស្វាយខ្ចី,NEU
75296,ភាពជោគជ័យនេះគឺកើតចេញពីការខិតខំរួមគ្នា,POS
75297,ខ្ញុំធុញនឹងការងារដែលគ្មានការរីកចម្រើននេះ,NEG
75298,សិស្សកំពុងឈរគោរពទង់ជាតិ,NEU
75299,ការផ្តល់យោបល់របស់អ្នកមានប្រយោជន៍ខ្លាំងណាស់,POS
75300,ខ្ញុំមិនចូលចិត្តរសជាតិម្ហូបនេះទេវាសាបពេក,NEG
75301,ម្តាយកំពុងបំបៅកូនដោយទឹកដោះ,NEU
75302,ស្នាមញញឹមរបស់បុគ្គលិកធ្វើឱ្យភ្ញៀវសប្បាយចិត្ត,POS
75303,ការបំពានច្បាប់ចរាចរណ៍គឺជាទង្វើមិនល្អ,NEG
75304,គាត់កំពុងរត់ហាត់ប្រាណនៅសួនច្បារ,NEU
75305,ខ្ញុំមានអារម្មណ៍កក់ក្តៅនៅពេលនៅជុំគ្រួសារ,POS
75306,ការចំណាយខ្ពស់ពេកធ្វើឱ្យខ្ញុំពិបាកចិត្ត,NEG
75307,ឆ្កែកំពុងដេញចាប់ឆ្មានៅក្នុងទីធ្លា,NEU
75308,សៀវភៅនេះល្អមើលណាស់ខ្ញុំដាក់មិនចុះទេ,POS
75309,ខ្ញុំស្អប់ការដែលគេមិនគោរពពាក្យសន្យា,NEG
75310,យើងនឹងទៅមើលកុននៅយប់នេះ,NEU
75311,ការយកចិត្តទុកដាក់របស់អ្នកធ្វើឱ្យខ្ញុំរំភើប,POS
75312,បន្ទប់នេះតូចចង្អៀតហើយគ្មានបង្អួច,NEG
75313,នាងកំពុងធ្វើកិច្ចការផ្ទះអោយគ្រូ,NEU
75314,ទេសភាពថ្ងៃរះនៅសមុទ្រពិតជាស្រស់ត្រកាល,POS
75315,ខ្ញុំមានអារម្មណ៍ថាឈឺក្បាលនិងវិលមុខ,NEG
75316,ប៉ូលិសកំពុងសរសេរលិខិតផាកពិន័យ,NEU
75317,ម្ហូបនៅហាងនេះឆ្ងាញ់ហើយមានអនាម័យ,POS
75318,ការបម្រើសេវាយឺតយ៉ាវធ្វើឱ្យអតិថិជនរអ៊ូ,NEG
75319,គាត់ធ្វើការជាអ្នករត់តុនៅភោជនីយដ្ឋាន,NEU
75320,ខ្ញុំពេញចិត្តនឹងការរចនាម៉ូតផ្ទះនេះណាស់,POS
75321,សំឡេងស្រែកឡូឡាធ្វើឱ្យខ្ញុំភ្ញាក់ពីគេង,NEG
75322,ពួកគេកំពុងដាំផ្កាកុលាបក្នុងសួន,NEU
75323,ភាពស្មោះត្រង់របស់គាត់ធ្វើឱ្យខ្ញុំទុកចិត្ត,POS
75324,ការបាត់បង់ទូរស័ព្ទធ្វើឱ្យខ្ញុំពិបាកចិត្ត,NEG
75325,យើងជិះទូកលេងតាមដងទន្លេមេគង្គ,NEU
75326,គម្រោងនេះផ្តល់ផលប្រយោជន៍ច្រើនដល់សហគមន៍,POS
75327,ខ្ញុំមិនអាចទទួលយកការប្រមាថនេះបានទេ,NEG
75328,កសិករកំពុងបូមទឹកដាក់ស្រែ,NEU
75329,ការសម្តែងរបស់ក្រុមតន្ត្រីនេះពីរោះរណ្ដំ,POS
75330,ផ្លូវលំនេះពិបាកធ្វើដំណើរណាស់នៅរដូវភ្លៀង,NEG
75331,សិស្សកំពុងអានសៀវភៅក្នុងបណ្ណាល័យ,NEU
75332,ខ្ញុំសប្បាយចិត្តនឹងដំណឹងល្អនេះខ្លាំងណាស់,POS
75333,ការបដិសេធមិនទទួលខុសត្រូវធ្វើឱ្យខ្ញុំខឹង,NEG
75334,គាត់ជិះម៉ូតូឌុបទៅផ្សារ,NEU
75335,ការគោរពចាស់ទុំគឺជាប្រពៃណីដ៏ល្អงาม,POS
75336,ខ្ញុំធុញទ្រាន់នឹងបញ្ហាដដែលៗនេះណាស់,NEG
75337,នាងកំពុងចិតបន្លែដើម្បីស្ល,NEU
75338,សេវាកម្មរហ័សទាន់ចិត្តជាចំណុចខ្លាំងរបស់ហាង,POS
75339,កុំព្យូទ័រនេះខូចហើយប្រើការមិនកើតទេ,NEG
75340,យើងនឹងទៅចូលរួមពិធីមង្គលការនៅថ្ងៃស្អែក,NEU
75341,ភាពស្រស់ស្អាតនៃធម្មជាតិធ្វើឱ្យចិត្តស្ងប់,POS
75342,ការរិះគន់ដែលមិនស្ថាបនាធ្វើឱ្យបាក់ទឹកចិត្ត,NEG
75343,ក្មេងប្រុសកំពុងលេងបាល់ទាត់ជាមួយមិត្តភក្តិ,NEU
75344,ខ្ញុំពេញចិត្តនឹងគុណភាពសេវាកម្មនៅធនាគារនេះ,POS
75345,តម្លៃម្ហូបនៅទីនេះថ្លៃហួសហេតុពេក,NEG
75346,គាត់កំពុងបញ្ចូលទិន្នន័យទៅក្នុងកុំព្យូទ័រ,NEU
75347,ការជួយជនក្រីក្រគឺជាបុណ្យកុសលដ៏ប្រពៃ,POS
75348,ខ្ញុំមានអារម្មណ៍ថាគេមិនអើពើនឹងសំណើខ្ញុំសោះ,NEG
75349,រថយន្តកំពុងចតនៅចំណតក្រោមដី,NEU
75350,បទពិសោធន៍ការងាររបស់អ្នកពិតជាគួរឱ្យចាប់អារម្មណ៍,POS
75351,ការកកស្ទះចរាចរណ៍ធ្វើឱ្យខ្ញុំទៅធ្វើការយឺត,NEG
75352,ពួកគេកំពុងជួសជុលផ្លូវថ្នល់,NEU
75353,រសជាតិសម្លកកូរនេះឆ្ងាញ់ជាប់ចិត្ត,POS
75354,ខ្ញុំមិនចូលចិត្តអាកាសធាតុក្តៅស្អុះស្អាប់បែបនេះទេ,NEG
75355,នាងពាក់អាវពណ៌ក្រហមនិងសំពត់ខ្មៅ,NEU
75356,ការគាំទ្ររបស់អ្នកមានន័យខ្លាំងណាស់សម្រាប់ខ្ញុំ,POS
75357,បញ្ហានេះធ្វើឱ្យខ្ញុំឈឺក្បាលដោះស្រាយមិនចេញ,NEG
75358,យើងញ៉ាំបាយជុំគ្នានៅថ្ងៃអាទិត្យ,NEU
75359,សៀវភៅនេះផ្តល់នូវគតិបណ្ឌិតល្អៗជាច្រើន,POS
75360,ការនិយាយដើមគេគឺជាទង្វើមិនល្អ,NEG
75361,គាត់ជាអ្នកបើកបររថយន្តក្រុង,NEU
75362,ខ្ញុំស្រឡាញ់ទេសភាពស្រុកស្រែដែលមានខ្យល់បរិសុទ្ធ,POS
75363,ការធ្វេសប្រហែសរបស់គិលានុបដ្ឋាយិកាធ្វើឱ្យខ្ញុំភ័យ,NEG
75364,សិស្សកំពុងប្រឡងគណិតវិទ្យា,NEU
75365,ភាពជឿជាក់គឺជាមូលដ្ឋានគ្រឹះនៃទំនាក់ទំនងល្អ,POS
75366,ខ្ញុំមានអារម្មណ៍ថាឯកោខ្លាំងណាស់នៅទីនេះ,NEG
75367,ឆ្កែមួយក្បាលកំពុងព្រុសអ្នកដំណើរ,NEU
75368,ការទទួលស្វាគមន៍នៅសណ្ឋាគារនេះល្អឥតខ្ចោះ,POS
75369,ខ្ញុំខកចិត្តដែលមិនបានជួបគាត់,NEG
75370,គាត់កំពុងផឹកកាហ្វេនិងអានកាសែត,NEU
75371,គំនិតរបស់អ្នកពិតជាឆ្លាតវៃនិងមុតស្រួច,POS
75372,សំឡេងម៉ូតូប្រណាំងរំខានដល់ការរស់នៅ,NEG
75373,យើងនឹងទៅលេងខេត្តសៀមរាបនៅខែក្រោយ,NEU
75374,អាហារនៅទីនេះមានរសជាតិឆ្ងាញ់និងតម្លៃសមរម្យ,POS
75375,ការផ្តល់សេវាអាក្រក់ធ្វើឱ្យអតិថិជនរត់អស់,NEG
75376,នាងកំពុងបង្រៀនភាសាអង់គ្លេសដល់ក្មេងៗ,NEU
75377,ខ្ញុំពេញចិត្តនឹងភាពស្មោះត្រង់របស់អ្នកណាស់,POS
75378,ការបោកប្រាស់តាមទូរស័ព្ទកំពុងរាតត្បាត,NEG
75379,កសិករកំពុងច្រូតស្រូវនៅវាលស្រែ,NEU
75380,ទេសភាពថ្ងៃលិចនៅមាត់ទន្លេស្អាតណាស់,POS
75381,ខ្ញុំមិនសប្បាយចិត្តនឹងលទ្ធផលការងារនេះទេ,NEG
75382,គាត់ជិះកង់ទៅសាលារៀនរាល់ព្រឹក,NEU
75383,ការយកចិត្តទុកដាក់លើអតិថិជនគឺជាចំណុចល្អ,POS
75384,បន្ទប់ទឹកកខ្វក់ធ្វើឱ្យខ្ញុំមិនហ៊ានចូល,NEG
75385,ពួកគេកំពុងរៀបចំពិធីបុណ្យចូលឆ្នាំ,NEU
75386,សន្តិភាពផ្លូវចិត្តគឺជាអ្វីដែលខ្ញុំប្រាថ្នា,POS
75387,ការរង់ចាំយូរពេកធ្វើឱ្យខ្ញុំមួម៉ៅក្តៅក្រហាយ,NEG
75388,សៀវភៅប្រវត្តិសាស្ត្រនេះមានប្រយោជន៍ណាស់,NEU
75389,ខ្ញុំចូលចិត្តបរិយាកាសស្ងប់ស្ងាត់នៅទីនេះ,POS
75390,ការមិនគោរពពេលវេលាគឺជាទម្លាប់អាក្រក់,NEG
75391,គាត់ជាវិស្វករសំណង់ស៊ីវិល,NEU
75392,ស្នាដៃសិល្បៈនេះពោរពេញដោយអត្ថន័យជ្រាលជ្រៅ,POS
75393,ខ្ញុំឈឺចាប់នៅពេលឃើញគេធ្វើបាបសត្វ,NEG
75394,យើងកំពុងរង់ចាំមិត្តភក្តិនៅហាងកាហ្វេ,NEU
75395,ការសហការគ្នាល្អនាំមកនូវភាពជោគជ័យ,POS
75396,ខ្ញុំមិនពេញចិត្តនឹងការឆ្លើយតបមិនច្បាស់លាស់,NEG
75397,ភ្លៀងកំពុងធ្លាក់ខ្លាំងនៅខាងក្រៅបង្អួច,NEU
75398,នាងមានសំឡេងពីរោះដូចសត្វសារិកា,POS
75399,ផ្លូវនេះមានគ្រោះថ្នាក់ចរាចរណ៍ញឹកញាប់,NEG
75400,សិស្សានុសិស្សកំពុងធ្វើលំហាត់ប្រាណ,NEU
75401,ខ្ញុំកោតសរសើរចំពោះភាពអត់ធ្មត់របស់អ្នក,POS
75402,ការបម្រើសេវាកម្មយឺតយ៉ាវគួរឱ្យធុញទ្រាន់,NEG
75403,គាត់កំពុងជួសជុលម៉ូតូដែលខូច,NEU
75404,រមណីយដ្ឋាននេះមានខ្យល់អាកាសបរិសុទ្ធល្អ,POS
75405,ខ្ញុំមានអារម្មណ៍ថាមិនស្រួលខ្លួនដោយសារអាកាសធាតុ,NEG
75406,ម្តាយកំពុងចំអិនអាហារពេលល្ងាច,NEU
75407,ភាពស្រស់ស្អាតនៃផ្កានេះធ្វើឱ្យខ្ញុំចាប់អារម្មណ៍,POS
75408,សំឡេងក្មេងយំខ្លាំងៗធ្វើឱ្យខ្ញុំឈឺក្បាល,NEG
75409,យើងនឹងទៅទស្សនាសារមន្ទីរជាតិ,NEU
75410,ការងារនេះផ្តល់ប្រាក់ខែសមរម្យនិងអត្ថប្រយោជន៍ល្អ,POS
75411,ខ្ញុំខកចិត្តនឹងការមិនទទួលខុសត្រូវរបស់ពួកគេ,NEG
75412,គាត់កំពុងសរសេរកូដកុំព្យូទ័រ,NEU
75413,ការរៀបចំតុបតែងក្នុងពិធីនេះស្អាតឥតខ្ចោះ,POS
75414,ខ្ញុំមិនចូលចិត្តកន្លែងដែលមានផ្សែងបារីទេ,NEG
75415,ឆ្កែកំពុងដេកយាមមុខផ្ទះ,NEU
75416,ក្តីស្រឡាញ់របស់អ្នកធ្វើឱ្យខ្ញុំមានកម្លាំងចិត្ត,POS
75417,ការបាត់បង់ឯកសារនេះគឺជាបញ្ហាធំ,NEG
75418,ពួកគេកំពុងលេងបាល់ទះនៅឆ្នេរសមុទ្រ,NEU
75419,រសជាតិការ៉េមនេះផ្អែមឆ្ងាញ់ត្រជាក់ចិត្ត,POS
75420,ខ្ញុំធុញទ្រាន់នឹងការត្អូញត្អែររបស់អ្នកណាស់,NEG
75421,សិស្សកំពុងរៀនកុំព្យូទ័រក្នុងបន្ទប់,NEU
75422,គម្រោងនេះមានសក្តានុពលខ្ពស់សម្រាប់ការអភិវឌ្ឍន៍,POS
75423,ការរើសអើងគឺជាទង្វើដែលសង្គមស្អប់ខ្ពើម,NEG
75424,គាត់ជាអ្នកលក់ដូរនៅផ្សារអូឡាំពិក,NEU
75425,ខ្ញុំពេញចិត្តនឹងសេវាកម្មដឹកជញ្ជូនរហ័សនេះ,POS
75426,ផ្លូវនេះខូចខ្លាំងពិបាកជិះណាស់,NEG
75427,នាងកំពុងអានសៀវភៅរឿងនិទាន,NEU
75428,ទេសភាពព្រៃភ្នំនៅមណ្ឌលគិរីស្រស់ស្អាតណាស់,POS
75429,ខ្ញុំមានអារម្មណ៍ថាមិនមានតម្លៃនៅក្នុងក្រុមនេះ,NEG
75430,យើងកំពុងពិភាក្សាអំពីដំណើរកម្សាន្តចុងឆ្នាំ,NEU
75431,ការតាំងចិត្តខ្ពស់របស់អ្នកនឹងនាំទៅរកជោគជ័យ,POS
75432,អាហារនេះមានរសជាតិប្រៃពេកញ៉ាំមិនកើត,NEG
75433,គាត់កំពុងដាំដើមឈើនៅសួនក្រោយផ្ទះ,NEU
75434,សណ្ឋាគារនេះមានបន្ទប់ធំទូលាយនិងស្អាត,POS
75435,ខ្ញុំមិនសប្បាយចិត្តនឹងពាក្យសម្តីគ្រោតគ្រាតទេ,NEG
75436,សត្វបក្សីកំពុងហើរត្រឡប់ទៅសំបុកវិញ,NEU
75437,ការជួយសង្គ្រោះនេះគឺជាអំពើដ៏មានអត្ថន័យ,POS
75438,ខ្ញុំខឹងនឹងខ្លួនឯងដែលធ្វើឱ្យមានកំហុសនេះ,NEG
75439,ប៉ូលិសកំពុងត្រួតពិនិត្យចរាចរណ៍ផ្លូវគោក,NEU
75440,ភាពរួសរាយរាក់ទាក់របស់គាត់ធ្វើឱ្យគ្រប់គ្នាចូលចិត្ត,POS
75441,ការបំពុលទឹកធ្វើឱ្យត្រីងាប់ជាច្រើន,NEG
75442,យើងញ៉ាំបាយពេលព្រឹកនៅម៉ោងប្រាំពីរ,NEU
75443,គំនិតផ្តួចផ្តើមថ្មីនេះល្អប្រសើរជាងមុន,POS
75444,ខ្ញុំមានអារម្មណ៍ថាចាញ់ប្រៀបគេរហូត,NEG
75445,គាត់ជាសិស្សពូកែប្រចាំថ្នាក់,NEU
75446,ខ្ញុំស្រឡាញ់ការរស់នៅបែបសាមញ្ញនៅជនបទ,POS
75447,សំឡេងរំខានពីខាងក្រៅធ្វើឱ្យខ្ញុំគ្មានអារម្មណ៍ធ្វើការ,NEG
75448,ពួកគេកំពុងជួសជុលដំបូលផ្ទះ,NEU
75449,ការផ្តល់ជូននេះពិតជាពិសេសនិងចំណេញច្រើន,POS
75450,ខ្ញុំមិនអាចទ្រាំនឹងអាកប្បកិរិយាអាក្រក់នេះបានទេ,NEG
75451,ក្មេងៗកំពុងលេងលោតអន្ទាក់,NEU
75452,ការច្នៃប្រឌិតរបស់អ្នកពិតជាគួរឱ្យកោតសរសើរ,POS
75453,ខ្ញុំខកចិត្តដែលទំនិញមកដល់យឺត,NEG
75454,នាងកំពុងមើលថែសួនច្បារមុខផ្ទះ,NEU
75455,រសជាតិតែនេះឈ្ងុយឆ្ងាញ់ពិសាណាស់,POS
75456,ការនិយាយកុហកគឺជាទម្លាប់មិនល្អ,NEG
75457,យើងនឹងទៅទិញសម្លៀកបំពាក់ថ្មី,NEU
75458,ខ្ញុំពេញចិត្តនឹងភាពស្អាតស្អំនៃបន្ទប់នេះ,POS
75459,ការបាត់បង់ឱកាសនេះធ្វើឱ្យខ្ញុំសោកស្តាយ,NEG
75460,គាត់កំពុងលេងហ្គីតាអោយមិត្តភក្តិស្តាប់,NEU
75461,បរិយាកាសការងារនៅទីនេះពោរពេញដោយភាពរីករាយ,POS
75462,ខ្ញុំមិនចូលចិត្តការបង្ខិតបង្ខំទេ,NEG
75463,សិស្សកំពុងធ្វើតេស្តសមត្ថភាព,NEU
75464,ភាពជោគជ័យរបស់អ្នកគឺជាមោទនភាពរបស់យើង,POS
75465,ផ្លូវនេះស្ទះខ្លាំងណាស់នៅពេលល្ងាច,NEG
75466,គាត់ជាគ្រូបង្រៀនគណិតវិទ្យា,NEU
75467,ខ្ញុំចូលចិត្តស្តាប់ចម្រៀងពីសម័យដើម,POS
75468,ការរិះគន់ពីអ្នកដទៃធ្វើឱ្យខ្ញុំបាក់ទឹកចិត្ត,NEG
75469,ទេសភាពនៅកោះរុងពិតជាស្រស់ស្អាតដូចឋានសួគ៌,POS
75470,ខ្ញុំមិនពេញចិត្តនឹងសេវាកម្មរបស់ក្រុមហ៊ុននេះទេ,NEG
75471,គាត់កំពុងអានកាសែតនៅរានហាល,NEU
75472,រសជាតិគុយទាវនៅទីនេះឆ្ងាញ់ដាច់គេ,POS
75473,បន្ទប់ទឹកសាធារណៈនេះកខ្វក់ខ្លាំងណាស់,NEG
75474,ថ្ងៃនេះមេឃស្រឡះល្អណាស់,NEU
75475,បុគ្គលិកនៅទីនេះរួសរាយរាក់ទាក់និងចេះជួយ,POS
75476,ខ្ញុំខកចិត្តនឹងគុណភាពទំនិញដែលបានទិញ,NEG
75477,កសិករកំពុងប្រមូលផលពោត,NEU
75478,ការរៀបចំពិធីនេះពិតជាមានរបៀបរៀបរយល្អ,POS
75479,សម្លេងម៉ាស៊ីននេះរំខានដល់ការងាររបស់ខ្ញុំ,NEG
75480,សិស្សកំពុងរៀនគូររូបនៅក្នុងថ្នាក់,NEU
75481,ខ្ញុំពេញចិត្តនឹងលទ្ធផលនៃការវះកាត់នេះ,POS
75482,ផ្លូវនេះមានរន្ធច្រើនពិបាកធ្វើដំណើរ,NEG
75483,ម្តាយរបស់ខ្ញុំកំពុងដេរអាវ,NEU
75484,សៀវភៅនេះផ្តល់នូវចំណេះដឹងថ្មីៗជាច្រើន,POS
75485,ខ្ញុំមានអារម្មណ៍ថាគេមិនផ្តល់តម្លៃឱ្យខ្ញុំ,NEG
75486,ពួកគេកំពុងលេងបាល់បោះនៅតារាង,NEU
75487,អាកាសធាតុនៅតំបន់ភ្នំត្រជាក់ស្រួលណាស់,POS
75488,ការដឹកជញ្ជូនយឺតយ៉ាវធ្វើឱ្យខូចការងារអស់,NEG
75489,គាត់ជិះម៉ូតូឌុបទៅធ្វើការ,NEU
75490,ស្នាមញញឹមរបស់អ្នកធ្វើឱ្យថ្ងៃនេះមានន័យ,POS
75491,ខ្ញុំស្អប់ការរង់ចាំយូរនៅធនាគារ,NEG
75492,នាងកំពុងទិញបន្លែនៅផ្សារដើមគរ,NEU
75493,ភាពស្មោះត្រង់របស់អ្នកពិតជាគួរឱ្យគោរព,POS
75494,អាហារនេះប្រៃពេកហើយគ្មានរសជាតិអ្វីសោះ,NEG
75495,យើងនឹងទៅលេងសួនសត្វនៅចុងសប្តាហ៍,NEU
75496,ការសម្តែងសៀកពិតជាអស្ចារ្យនិងគួរឱ្យរំភើប,POS
75497,ខ្ញុំមិនចូលចិត្តអត្តចរិតក្រអឺតក្រទមរបស់គាត់ទេ,NEG
75498,កូនក្មេងកំពុងលេងដីនៅមុខផ្ទះ,NEU
75499,សណ្ឋាគារនេះមានផាសុកភាពនិងតម្លៃសមរម្យ,POS
75500,ការបោកប្រាស់តាមអនឡាញធ្វើឱ្យខ្ញុំបាត់បង់ប្រាក់,NEG
75501,ខ្ញុំសប្បាយចិត្តណាស់ដែលបានទទួលកាដូនេះ,POS
75502,បញ្ហាសុខភាពធ្វើឱ្យខ្ញុំពិបាកចិត្ត,NEG
75503,សត្វឆ្កែកំពុងដេកនៅក្រោមម្លប់ឈើ,NEU
75504,ការច្នៃប្រឌិតនេះនឹងជួយសន្សំសំចៃថាមពល,POS
75505,ខ្ញុំធុញទ្រាន់នឹងការសន្យាខ្យល់របស់អ្នក,NEG
75506,គាត់កំពុងសរសេររបាយការណ៍ប្រចាំឆ្នាំ,NEU
75507,ក្លិនស្អុយពីគំនរសំរាមធ្វើឱ្យប៉ះពាល់សុខភាព,NEG
75508,យើងញ៉ាំបាយល្ងាចជុំគ្រួសារ,NEU
75509,ការលើកទឹកចិត្តពីមិត្តភក្តិមានតម្លៃណាស់,POS
75510,ខ្ញុំមានអារម្មណ៍ថាឯកោនិងគ្មានទីពឹង,NEG
75511,សិស្សានុសិស្សកំពុងធ្វើលំហាត់ប្រាណពេលព្រឹក,NEU
75512,រស់ជាតិកាហ្វេនេះឈ្ងុយឆ្ងាញ់ត្រូវចិត្តខ្ញុំ,POS
75513,ការរិះគន់ដែលគ្មានហេតុផលធ្វើឱ្យខ្ញុំខឹង,NEG
75514,នាងពាក់អាវពណ៌ខៀវនិងខោពណ៌ខ្មៅ,NEU
75515,គម្រោងនេះទទួលបានជោគជ័យលើសពីការរំពឹងទុក,POS
75516,ទូរស័ព្ទនេះដំណើរការយឺតនិងគាំងញឹកញាប់,NEG
75517,កសិករកំពុងភ្ជួរស្រែដោយប្រើគោ,NEU
75518,បរិយាកាសការងារនៅទីនេះល្អនិងមានវិជ្ជាជីវៈ,POS
75519,គាត់កំពុងជួសជុលកង់ឱ្យកូនប្រុស,NEU
75520,សៀវភៅរឿងនេះល្អមើលណាស់ខ្ញុំដាក់មិនចុះ,POS
75521,ការកកស្ទះចរាចរណ៍នៅភ្នំពេញពិតជាធុញទ្រាន់,NEG
75522,ពួកគេកំពុងពិភាក្សាអំពីគម្រោងថ្មី,NEU
75523,ក្តីស្រឡាញ់និងការយកចិត្តទុកដាក់របស់អ្នកល្អណាស់,POS
75524,ខ្ញុំខកចិត្តនឹងការមិនគោរពពាក្យសន្យា,NEG
75525,យើងនឹងទៅមើលកុននៅផ្សារទំនើប,NEU
75526,គុណភាពសេវាកម្មល្អធ្វើឱ្យអតិថិជនពេញចិត្ត,POS
75527,សំឡេងរំខានពីការដ្ឋានសំណង់ធ្វើឱ្យខ្ញុំគេងមិនលក់,NEG
75528,ឆ្មាពណ៌សកំពុងចាប់កណ្តុរ,NEU
75529,ការតុបតែងក្នុងពិធីមង្គលការនេះស្អាតអស្ចារ្យ,POS
75530,ខ្ញុំមានអារម្មណ៍ថាចាញ់បោកគេក្នុងការរកស៊ីនេះ,NEG
75531,គាត់ជាគ្រូបង្រៀនភាសាខ្មែរនៅវិទ្យាល័យ,NEU
75532,ការជួយសង្គ្រោះកុមារកំព្រាគឺជាអំពើបុណ្យ,POS
75533,នាងកំពុងរៀនធ្វើនំខេក,NEU
75534,សន្តិភាពផ្លូវចិត្តគឺជាអ្វីដែលខ្ញុំស្វែងរក,POS
75535,តម្លៃទំនិញឡើងថ្លៃធ្វើឱ្យជីវភាពលំបាក,NEG
75536,ក្មេងៗកំពុងលេងលាក់កន្សែង,NEU
75537,ខ្ញុំពេញចិត្តនឹងភាពស្អាតស្អំនៃទីក្រុងនេះ,POS
75538,ការនិយាយដើមគេគឺជាទម្លាប់អាក្រក់ណាស់,NEG
75539,សិស្សកំពុងប្រឡងឆមាសទីមួយ,NEU
75540,បទពិសោធន៍នេះពិតជាមានតម្លៃសម្រាប់ជីវិតខ្ញុំ,POS
75541,ខ្ញុំមិនចូលចិត្តអាហារដែលមានជាតិខ្លាញ់ច្រើនទេ,NEG
75542,គាត់កំពុងលេងហ្គីតានៅក្នុងបន្ទប់,NEU
75543,ភាពជោគជ័យកើតចេញពីការខិតខំប្រឹងប្រែងមិនឈប់ឈរ,POS
75544,ការបាត់បង់ឱកាសការងារធ្វើឱ្យខ្ញុំស្តាយក្រោយ,NEG
75545,យើងកំពុងរង់ចាំរថភ្លើងនៅស្ថានីយ៍,NEU
75546,ទេសភាពទឹកធ្លាក់ពិតជាស្រស់ត្រកាល,POS
75547,ខ្ញុំមានអារម្មណ៍មិនស្រួលខ្លួននៅថ្ងៃនេះ,NEG
75548,កសិករកំពុងបាចជីក្នុងស្រែ,NEU
75549,ការផ្តល់ជូនពិសេសនេះចំណេញច្រើនណាស់,POS
75550,កុំព្យូទ័ររបស់ខ្ញុំខូចហើយមិនអាចបើកបាន,NEG
75551,នាងកំពុងអានសៀវភៅប្រវត្តិសាស្ត្រ,NEU
75552,ខ្ញុំស្រឡាញ់បរិយាកាសស្ងប់ស្ងាត់នៅជនបទ,POS
75553,ការបំពុលបរិស្ថានធ្វើឱ្យប៉ះពាល់ដល់សុខភាពសាធារណៈ,NEG
75554,គាត់ធ្វើការនៅធនាគារមួយនៅកណ្តាលក្រុង,NEU
75555,ការច្នៃប្រឌិតរបស់អ្នកពិតជាឆ្លាតវៃ,POS
75556,ខ្ញុំធុញនឹងការងារដែលធ្វើដដែលៗរាល់ថ្ងៃ,NEG
75557,សត្វបក្សីកំពុងហើរត្រឡប់ទៅសំបុក,NEU
75558,ការមិនទទួលខុសត្រូវរបស់គាត់ធ្វើឱ្យខូចការងារ,NEG
75559,យើងនឹងទៅចូលរួមបុណ្យសពនៅវត្ត,NEU
75560,ភាពរួសរាយរាក់ទាក់របស់ប្រជាជនខ្មែរល្បីល្បាញណាស់,POS
75561,ខ្ញុំខឹងខ្លាំងណាស់នៅពេលគេកុហកខ្ញុំ,NEG
75562,សិស្សកំពុងលើកដៃសួរគ្រូ,NEU
75563,ការរៀបចំសួនច្បារនេះមានសោភ័ណភាពល្អ,POS
75564,ខ្ញុំមិនពេញចិត្តនឹងអាកប្បកិរិយាឈ្លើយរបស់បុគ្គលិក,NEG
75565,គាត់កំពុងផឹកតែជាមួយជីតា,NEU
75566,បន្ទប់នេះក្តៅស្អុះស្អាប់គ្មានខ្យល់ចេញចូល,NEG
75567,ថ្ងៃស្អែកជាថ្ងៃឈប់សម្រាកជាតិ,NEU
75568,សេវាកម្មរហ័សទាន់ចិត្តគឺជាចំណុចខ្លាំងរបស់ហាង,POS
75569,ការរង់ចាំយូរពេកធ្វើឱ្យខ្ញុំមួម៉ៅ,NEG
75570,នាងកំពុងមើលថែសួនផ្កាមុខផ្ទះ,NEU
75571,ការបាត់បង់ទំនុកចិត្តគឺជារឿងគួរឱ្យសោកស្តាយ,NEG
75572,ក្មេងប្រុសកំពុងជិះកង់លេង,NEU
75573,សៀវភៅនេះសរសេរបានល្អនិងងាយយល់,POS
75574,ការជួយសង្គមគឺជាអំពើដ៏ថ្លៃថ្លា,POS
75575,ទេសភាពវាលស្រែពណ៌បៃតងធ្វើឱ្យអារម្មណ៍ស្រស់ស្រាយ,POS
75576,ផ្លូវនេះមានធូលីច្រើនធ្វើឱ្យពិបាកដកដង្ហើម,NEG
75577,សិស្សកំពុងធ្វើការពិសោធន៍វិទ្យាសាស្ត្រ,NEU
75578,ការរើសអើងពូជសាសន៍គឺជាទង្វើអាក្រក់,NEG
75579,ពួកគេកំពុងរៀបចំពិធីជប់លៀង,NEU
75580,ស្នាមញញឹមរបស់កូនគឺជាក្តីសុខរបស់ឪពុកម្តាយ,POS
75581,ខ្ញុំស្អប់ការកកស្ទះចរាចរណ៍នៅពេលល្ងាច,NEG
75582,ការតស៊ូព្យាយាមនឹងនាំមកនូវភាពជោគជ័យ,POS
75583,យើងនឹងទៅលេងសមុទ្រនៅខែក្រោយ,NEU
75584,ខ្ញុំមានអារម្មណ៍ខកចិត្តចំពោះលទ្ធផលប្រឡង,NEG
75585,គាត់ជាអ្នកបើកបរតាក់ស៊ី,NEU
75586,គំនិតផ្តួចផ្តើមនេះមានប្រយោជន៍សម្រាប់សហគមន៍,POS
75587,ការនិយាយដើមអ្នកដទៃមិនមែនជារឿងល្អទេ,NEG
75588,ការផ្តល់សេវាល្អឥតខ្ចោះធ្វើឱ្យខ្ញុំចង់មកទៀត,POS
75589,ភាពស្មោះត្រង់គឺជាមូលដ្ឋានគ្រឹះនៃទំនាក់ទំនង,POS
75590,ពួកគេកំពុងលេងបាល់ទះនៅទីលាន,NEU
75591,ខ្ញុំពេញចិត្តនឹងការតុបតែងហាងនេះណាស់,POS
75592,នាងពាក់អាវពណ៌ក្រហមស្រស់,NEU
75593,សំឡេងរំខានធ្វើឱ្យខ្ញុំពិបាកផ្តោតអារម្មណ៍,NEG
75594,យើងញ៉ាំបាយជាមួយត្រីចៀននិងសម្លម្ជូរ,NEU
75595,សៀវភៅនេះផ្តល់គតិបណ្ឌិតល្អៗជាច្រើន,POS
75596,ការធ្វេសប្រហែសរបស់គ្រូពេទ្យធ្វើឱ្យខ្ញុំភ័យ,NEG
75597,គាត់ជាវិស្វករអគ្គិសនី,NEU
75598,ការជឿជាក់លើខ្លួនឯងគឺជាកម្លាំងជំរុញដ៏សំខាន់,POS
75599,ការទទួលស្វាគមន៍យ៉ាងកក់ក្តៅធ្វើឱ្យខ្ញុំសប្បាយចិត្ត,POS
75600,គំនិតច្នៃប្រឌិតរបស់អ្នកពិតជាប្លែកនិងអស្ចារ្យ,POS
75601,គាត់កំពុងលេងបាល់ទាត់ជាមួយមិត្តភក្តិ,NEU
75602,តម្លៃប្រេងសាំងឡើងថ្លៃប៉ះពាល់ដល់ជីវភាព,NEG
75603,ពួកគេកំពុងពិភាក្សាអំពីដំណើរកម្សាន្ត,NEU
75604,យើងនឹងទៅលេងបាល់ទាត់នៅល្ងាចនេះ,NEU
75605,ទេសភាពនៅទីនេះស្អាតដូចគំនូរ,POS
75606,ខ្ញុំមានអារម្មណ៍ថាមិនសុវត្ថិភាពនៅពេលយប់,NEG
75607,នាងកំពុងរៀនភាសាអង់គ្លេស,NEU
75608,សេវាកម្មអតិថិជននៅទីនេះល្អឥតខ្ចោះ,POS
75609,បន្ទប់ទឹកនេះមានក្លិនស្អុយទ្រាំមិនបាន,NEG
75610,គាត់កំពុងជួសជុលម៉ូតូ,NEU
75611,ការរៀបចំកម្មវិធីនេះពិតជាអស្ចារ្យ,POS
75612,ខ្ញុំមិនពេញចិត្តនឹងតម្លៃសេវានេះទេ,NEG
75613,សិស្សកំពុងចេញលេង,NEU
75614,អាហារនៅភោជនីយដ្ឋាននេះឆ្ងាញ់ណាស់,POS
75615,ការដឹកជញ្ជូនយឺតយ៉ាវធ្វើឱ្យខ្ញុំខកចិត្ត,NEG
75616,យើងញ៉ាំបាយជាមួយគ្នា,NEU
75617,ខ្ញុំសប្បាយចិត្តណាស់ដែលបានជួបអ្នក,POS
75618,ផ្លូវនេះរលាក់ខ្លាំងណាស់,NEG
75619,គាត់កំពុងអានកាសែត,NEU
75620,ទេសភាពព្រៃឈើពិតជាស្រស់បំព្រង,POS
75621,ខ្ញុំធុញទ្រាន់នឹងការរង់ចាំ,NEG
75622,នាងកំពុងធ្វើម្ហូប,NEU
75623,សណ្ឋាគារនេះស្អាតនិងទំនើប,POS
75624,ការបោកប្រាស់នេះអាក្រក់ណាស់,NEG
75625,ពួកគេកំពុងលេងបាល់,NEU
75626,ខ្ញុំពេញចិត្តនឹងលទ្ធផលការងារ,POS
75627,កុំព្យូទ័រនេះយឺតណាស់,NEG
75628,យើងនឹងទៅផ្សារ,NEU
75629,បរិយាកាសនៅទីនេះល្អណាស់,POS
75630,ខ្ញុំមិនចូលចិត្តម្ហូបនេះទេ,NEG
75631,គាត់ជាគ្រូបង្រៀន,NEU
75632,ការផ្តល់ជូននេះល្អណាស់,POS
75633,ខ្ញុំមានអារម្មណ៍សោកសៅ,NEG
75634,សិស្សកំពុងរៀន,NEU
75635,ទេសភាពស្អាតណាស់,POS
75636,ផ្លូវនេះគ្រោះថ្នាក់,NEG
75637,នាងកំពុងដើរលេង,NEU
75638,សេវាកម្មល្អណាស់,POS
75639,ខ្ញុំខឹងណាស់,NEG
75640,គាត់កំពុងធ្វើការ,NEU
75641,ចិត្តល្អណាស់,POS
75642,អាក្រក់ណាស់,NEG
75643,មេឃភ្លៀង,NEU
75644,សប្បាយចិត្ត,POS
75645,ពិបាកចិត្ត,NEG
75646,ញ៉ាំបាយ,NEU
75647,ស្រស់ស្អាត,POS
75648,ស្អុយ,NEG
75649,ទៅរៀន,NEU
75650,ល្អប្រសើរ,POS
75651,កខ្វក់,NEG
75652,ដេក,NEU
75653,រីករាយ,POS
75654,ឈឺចាប់,NEG
75655,ដើរ,NEU
75656,ជោគជ័យ,POS
75657,បរាជ័យ,NEG
75658,អង្គុយ,NEU
75659,ឆ្លាត,POS
75660,ល្ងង់,NEG
75661,សរសេរ,NEU
75662,មានប្រយោជន៍,POS
75663,គ្មានប្រយោជន៍,NEG
75664,អាន,NEU
75665,អស្ចារ្យ,POS
75666,គួរឱ្យធុញ,NEG
75667,ស្តាប់,NEU
75668,ត្រឹមត្រូវ,POS
75669,ខុស,NEG
75670,និយាយ,NEU
75671,រួសរាយ,POS
75672,ឆ្មើងឆ្មៃ,NEG
75673,មើល,NEU
75674,ស្មោះត្រង់,POS
75675,កុហក,NEG
75676,គិត,NEU
75677,ឧស្សាហ៍,POS
75678,ខ្ជិល,NEG
75679,រត់,NEU
75680,ក្លាហាន,POS
75681,កំសាក,NEG
75682,លោត,NEU
75683,សន្តិភាព,POS
75684,សង្គ្រាម,NEG
75685,ហែលទឹក,NEU
75686,ស្រឡាញ់,POS
75687,ស្អប់,NEG
75688,ផឹក,NEU
75689,សង្ឃឹម,POS
75690,អស់សង្ឃឹម,NEG
75691,ឈរ,NEU
75692,ការអប់រំនៅសាលានេះមានគុណភាពល្អណាស់,POS
75693,ខ្ញុំមិនពេញចិត្តនឹងល្បឿនអ៊ីនធឺណិតនៅទីនេះទេ,NEG
75694,គាត់កំពុងបើកបររថយន្តទៅការិយាល័យ,NEU
75695,ទេសភាពថ្ងៃរះនៅកំពូលភ្នំស្អាតអស្ចារ្យ,POS
75696,សេវាកម្មជួសជុលនេះយឺតយ៉ាវហើយថ្លៃទៀត,NEG
75697,នាងកំពុងទិញសំបុត្រចូលទស្សនាសារមន្ទីរ,NEU
75698,ខ្ញុំសប្បាយចិត្តដែលបានទទួលដំណឹងល្អពីអ្នក,POS
75699,ការបាត់បង់កាបូបលុយធ្វើឱ្យខ្ញុំពិបាកចិត្ត,NEG
75700,ក្មេងៗកំពុងលេងទឹកភ្លៀងយ៉ាងសប្បាយ,NEU
75701,បន្ទប់ស្នាក់នៅមានផាសុកភាពនិងស្ងប់ស្ងាត់,POS
75702,ខ្ញុំខកចិត្តនឹងពាក្យសម្តីមិនសមរម្យរបស់គាត់,NEG
75703,យើងនឹងទៅញ៉ាំអាហារពេលល្ងាចនៅក្រៅផ្ទះ,NEU
75704,ការផ្តល់ជូននេះពិតជាមានតម្លៃសមរម្យ,POS
75705,ផ្លូវចូលភូមិមានស្ថានភាពយ៉ាប់យឺនខ្លាំង,NEG
75706,សិស្សកំពុងរៀបចំខ្លួនប្រឡងបញ្ចប់ឆ្នាំ,NEU
75707,បុគ្គលិកមានភាពរួសរាយរាក់ទាក់គួរឱ្យសរសើរ,POS
75708,សំឡេងម៉ាស៊ីនកិនស្រូវរំខានដល់ការសម្រាក,NEG
75709,គាត់កំពុងបង្រៀនកូនឱ្យចេះអានអក្សរ,NEU
75710,រសជាតិបង្អែមខ្មែរពិតជាឆ្ងាញ់ពិសា,POS
75711,ខ្ញុំមានអារម្មណ៍ថាចាញ់បោកការផ្សាយពាណិជ្ជកម្ម,NEG
75712,ភ្លៀងកំពុងធ្លាក់រលឹមស្រិចៗ,NEU
75713,សួនច្បារនេះត្រូវបានថែរក្សាយ៉ាងល្អស្អាត,POS
75714,ការរិះគន់របស់នាងធ្វើឱ្យខ្ញុំបាក់ទឹកចិត្ត,NEG
75715,ពួកគេកំពុងជួយគ្នារៀបចំពិធីបុណ្យ,NEU
75716,ភាពជោគជ័យនៃគម្រោងនេះគឺជាមោទនភាពរបស់យើង,POS
75717,ខ្ញុំមិនចូលចិត្តការរង់ចាំដោយគ្មានហេតុផល,NEG
75718,ម៉ាក់កំពុងធ្វើនំបញ្ចុកសម្រាប់ថ្ងៃស្អែក,NEU
75719,អាកាសធាតុថ្ងៃនេះស្រស់ស្រាយល្អណាស់,POS
75720,ការធ្វេសប្រហែសរបស់គាត់បណ្តាលឱ្យខូចខាត,NEG
75721,យើងកំពុងដើរលេងតាមមាត់ទន្លេ,NEU
75722,សៀវភៅនេះមានខ្លឹមសារអប់រំល្អៗជាច្រើន,POS
75723,ខ្ញុំធុញទ្រាន់នឹងការដោះស្រាយបញ្ហាបច្ចេកទេស,NEG
75724,គាត់កំពុងស្វែងរកការងារថ្មី,NEU
75725,ការរចនាម៉ូតសម្លៀកបំពាក់នេះស្អាតប្លែក,POS
75726,បន្ទប់ទឹកគ្មានទឹកប្រើប្រាស់ទេ,NEG
75727,សិស្សានុសិស្សកំពុងគោរពទង់ជាតិ,NEU
75728,ខ្ញុំពេញចិត្តនឹងភាពស្មោះត្រង់របស់អ្នកបម្រើ,POS
75729,ការបោកប្រាស់តាមប្រព័ន្ធអ៊ីនធឺណិតមានច្រើន,NEG
75730,នាងកំពុងរៀបចំវ៉ាលីសដើម្បីទៅបរទេស,NEU
75731,ទេសភាពវាលស្រែខៀវខ្ចីគួរឱ្យចង់គយគន់,POS
75732,តម្លៃទំនិញក្នុងហាងនេះថ្លៃកប់ពពក,NEG
75733,យើងនឹងជួបគ្នានៅម៉ោងប្រាំបីយប់,NEU
75734,ការជួយសង្គ្រោះជីវិតមនុស្សគឺជាអំពើល្អ,POS
75735,ខ្ញុំមានអារម្មណ៍តានតឹងនឹងការងារច្រើនពេក,NEG
75736,កសិករកំពុងបាចជីដាក់ដំណាំ,NEU
75737,រស់ជាតិម្ហូបនេះពិតជាត្រូវមាត់ខ្ញុំណាស់,POS
75738,ការបម្រើសេវាកម្មមិនមានស្តង់ដារត្រឹមត្រូវ,NEG
75739,គាត់កំពុងលាងចាននៅក្នុងផ្ទះបាយ,NEU
75740,សណ្ឋាគារនេះមានទីតាំងល្អនិងងាយស្រួលរក,POS
75741,ខ្ញុំមិនសប្បាយចិត្តនឹងលទ្ធផលនៃការប្រកួតនេះទេ,NEG
75742,សិស្សកំពុងធ្វើកិច្ចការផ្ទះដែលគ្រូដាក់ឱ្យ,NEU
75743,ការច្នៃប្រឌិតរបស់អ្នកជួយដោះស្រាយបញ្ហាបានច្រើន,POS
75744,សំឡេងឡានតន្ត្រីលាន់ឮខ្លាំងពេក,NEG
75745,ពួកគេកំពុងពិភាក្សាអំពីការធ្វើដំណើរ,NEU
75746,ខ្ញុំកោតសរសើរចំពោះភាពអត់ធ្មត់របស់នាង,POS
75747,ការបំពានសិទ្ធិអ្នកដទៃគឺជាទង្វើខុសច្បាប់,NEG
75748,យើងញ៉ាំបាយជាមួយសម្លកកូរ,NEU
75749,បរិយាកាសនៅកន្លែងនេះពិតជារ៉ូមែនទិក,POS
75750,ខ្ញុំខឹងនឹងការកុហករបស់គាត់,NEG
75751,នាងកំពុងអានទស្សនាវដ្តីម៉ូដ,NEU
75752,ការផ្តល់យោបល់របស់អ្នកមានប្រយោជន៍ខ្លាំង,POS
75753,ផ្លូវនេះងងឹតនិងមានគ្រោះថ្នាក់នៅពេលយប់,NEG
75754,គាត់ជិះម៉ូតូកាត់ភ្លៀងទៅផ្ទះ,NEU
75755,ខ្ញុំមិនពេញចិត្តនឹងគុណភាពអាហារកំប៉ុងនេះទេ,NEG
75756,សិស្សកំពុងរៀនវគ្គបណ្តុះបណ្តាលកុំព្យូទ័រ,NEU
75757,ការគាំទ្ររបស់គ្រួសារគឺជាកម្លាំងចិត្តដ៏ធំ,POS
75758,បញ្ហាហិរញ្ញវត្ថុធ្វើឱ្យគ្រួសារមានវិបត្តិ,NEG
75759,យើងនឹងទៅទស្សនាប្រាសាទបុរាណ,NEU
75760,សេវាកម្មដឹកជញ្ជូនរហ័សទាន់ចិត្តល្អណាស់,POS
75761,ការរិះគន់ដែលមិនស្ថាបនាធ្វើឱ្យប៉ះពាល់អារម្មណ៍,NEG
75762,ក្មេងៗកំពុងលេងបាល់ទះនៅទីលាន,NEU
75763,ខ្ញុំមានសំណាងណាស់ដែលមានមិត្តល្អដូចអ្នក,POS
75764,ការបាត់បង់ទំនុកចិត្តធ្វើឱ្យទំនាក់ទំនងបែកបាក់,NEG
75765,គាត់កំពុងជួសជុលកុំព្យូទ័រឱ្យអតិថិជន,NEU
75766,រសជាតិកាហ្វេនៅហាងនេះឈ្ងុយឆ្ងាញ់ណាស់,POS
75767,ខ្ញុំធុញទ្រាន់នឹងការសន្យាដែលមិនធ្វើតាម,NEG
75768,នាងកំពុងដាំផ្កាកុលាបក្នុងផើង,NEU
75769,ការរៀបចំកម្មវិធីនេះមានលក្ខណៈស្តង់ដារអន្តរជាតិ,POS
75770,បន្ទប់ទឹកកខ្វក់ធ្វើឱ្យខ្ញុំខ្ពើមរអើម,NEG
75771,យើងកំពុងរង់ចាំភ្ញៀវមកពីបរទេស,NEU
75772,ការទទួលស្វាគមន៍យ៉ាងកក់ក្តៅធ្វើឱ្យខ្ញុំរំភើប,POS
75773,សម្លេងរំខានពីការដ្ឋានធ្វើឱ្យខ្ញុំឈឺក្បាល,NEG
75774,គាត់កំពុងសរសេរអ៊ីមែលទៅដៃគូពាណិជ្ជកម្ម,NEU
75775,ទេសភាពព្រៃភ្នំនៅមណ្ឌលគិរីពិតជាស្រស់ត្រកាល,POS
75776,ខ្ញុំមានអារម្មណ៍ថាគេមិនផ្តល់តម្លៃដល់ការងារខ្ញុំ,NEG
75777,សិស្សកំពុងធ្វើតេស្តប្រឡងឆមាស,NEU
75778,ភាពជោគជ័យរបស់អ្នកគឺជាគំរូដ៏ល្អសម្រាប់យើង,POS
75779,ផ្លូវនេះស្ទះខ្លាំងណាស់នៅម៉ោងចេញពីធ្វើការ,NEG
75780,កសិករកំពុងប្រមូលផលស្រូវនៅវាលស្រែ,NEU
75781,សៀវភៅនេះផ្តល់ចំណេះដឹងទូលំទូលាយ,POS
75782,ការនិយាយដើមគេគឺជាទម្លាប់មិនល្អសោះ,NEG
75783,ពួកគេកំពុងលេងហ្គេមនៅលើទូរស័ព្ទ,NEU
75784,ខ្ញុំស្រឡាញ់ការរស់នៅបែបសាមញ្ញនិងស្ងប់ស្ងាត់,POS
75785,ការបោកប្រាស់នេះធ្វើឱ្យខ្ញុំខាតបង់ប្រាក់ច្រើន,NEG
75786,នាងកំពុងចំអិនអាហារពេលល្ងាចសម្រាប់គ្រួសារ,NEU
75787,គំនិតច្នៃប្រឌិតរបស់អ្នកពិតជាអស្ចារ្យ,POS
75788,ខ្ញុំមិនចូលចិត្តអាកប្បកិរិយាឈ្លើយរបស់បុគ្គលិកទេ,NEG
75789,យើងនឹងទៅដើរលេងផ្សារទំនើបនៅថ្ងៃអាទិត្យ,NEU
75790,ការផ្តល់ជូនពិសេសនេះចំណេញច្រើនសម្រាប់អតិថិជន,POS
75791,ខ្ញុំខកចិត្តដែលទំនិញដែលបានទិញខូចគុណភាព,NEG
75792,ខ្ញុំមានអារម្មណ៍តានតឹងនិងស្ត្រេសខ្លាំង,NEG
75793,ភាពស្មោះត្រង់គឺជាគុណធម៌ដ៏ប្រសើរបំផុត,POS
75794,ការនិយាយកុហកគឺជាទង្វើគួរឱ្យស្អប់ខ្ពើម,NEG
75795,យើងនឹងទៅទិញសម្លៀកបំពាក់ថ្មីសម្រាប់ពិធីបុណ្យ,NEU
75796,ការបាត់បង់ឱកាសនេះធ្វើឱ្យខ្ញុំសោកស្តាយខ្លាំង,NEG
75797,គាត់កំពុងរៀនភាសាអង់គ្លេសតាមអនឡាញ,NEU
75798,ការជួយសង្គមគឺជាអំពើដ៏ថ្លៃថ្លានិងគួរឱ្យគោរព,POS
75799,ខ្ញុំមិនចូលចិត្តការបង្ខិតបង្ខំឱ្យធ្វើអ្វីដែលមិនចង់,NEG
75800,សិស្សកំពុងធ្វើលំហាត់គណិតវិទ្យា,NEU
75801,ទេសភាពនៅតំបន់នេះស្អាតដូចគំនូរ,POS
75802,យើងនឹងទៅលេងបាល់ទាត់នៅតារាងបាល់,NEU
75803,ខ្ញុំមានអារម្មណ៍ថាមិនសុវត្ថិភាពនៅពេលដើរម្នាក់ឯង,NEG
75804,នាងកំពុងរៀនធ្វើនំខេកសម្រាប់ថ្ងៃកំណើត,NEU
75805,ការរៀបចំកម្មវិធីនេះពិតជាអស្ចារ្យនិងមានរបៀប,POS
75806,អាហារនៅភោជនីយដ្ឋាននេះឆ្ងាញ់ណាស់និងមានអនាម័យ,POS
75807,ការដឹកជញ្ជូនយឺតយ៉ាវធ្វើឱ្យខ្ញុំខកចិត្តយ៉ាងខ្លាំង,NEG
75808,យើងញ៉ាំបាយជុំគ្នានៅថ្ងៃបុណ្យជាតិ,NEU
75809,ខ្ញុំសប្បាយចិត្តណាស់ដែលបានជួបមិត្តចាស់,POS
75810,ផ្លូវនេះរលាក់ខ្លាំងណាស់ធ្វើឱ្យខូចឡាន,NEG
75811,គាត់កំពុងអានកាសែតពេលព្រឹក,NEU
75812,ទេសភាពព្រៃឈើនៅរដូវវស្សាពិតជាស្រស់បំព្រង,POS
75813,ខ្ញុំធុញទ្រាន់នឹងការរង់ចាំយូរពេក,NEG
75814,នាងកំពុងធ្វើម្ហូបនៅក្នុងផ្ទះបាយ,NEU
75815,សណ្ឋាគារនេះស្អាតនិងទំនើបគួរឱ្យចង់ស្នាក់នៅ,POS
75816,ការបោកប្រាស់នេះអាក្រក់ណាស់និងប៉ះពាល់ដល់សង្គម,NEG
75817,ពួកគេកំពុងលេងបាល់បោះនៅសាលា,NEU
75818,ខ្ញុំពេញចិត្តនឹងលទ្ធផលការងារដែលសម្រេចបាន,POS
75819,កុំព្យូទ័រនេះយឺតណាស់ធ្វើការមិនកើតទេ,NEG
75820,យើងនឹងទៅផ្សារដើម្បីទិញម្ហូប,NEU
75821,បរិយាកាសនៅទីនេះល្អណាស់សម្រាប់សម្រាកលំហែ,POS
75822,ខ្ញុំមិនចូលចិត្តម្ហូបនេះទេព្រោះវាហឹរពេក,NEG
75823,គាត់ជាគ្រូបង្រៀននៅវិទ្យាល័យក្នុងក្រុង,NEU
75824,ការផ្តល់ជូននេះល្អណាស់មិនគួរឱ្យជឿ,POS
75825,ខ្ញុំមានអារម្មណ៍សោកសៅនៅពេលបាត់បង់របស់ជាទីស្រឡាញ់,NEG
75826,សិស្សកំពុងរៀនអក្សរខ្មែរ,NEU
75827,ទេសភាពសមុទ្រស្អាតណាស់នៅពេលថ្ងៃលិច,POS
75828,ផ្លូវនេះគ្រោះថ្នាក់ណាស់មានឡានធំៗច្រើន,NEG
75829,នាងកំពុងដើរលេងនៅសួនច្បារសាធារណៈ,NEU
75830,សេវាកម្មល្អណាស់បុគ្គលិកមានសុជីវធម៌,POS
75831,ខ្ញុំខឹងណាស់ដែលគេមកយឺតម៉ោង,NEG
75832,គាត់កំពុងធ្វើការនៅការិយាល័យ,NEU
75833,គាត់ជាមនុស្សចិត្តល្អណាស់និងចេះជួយអ្នកដទៃ,POS
75834,អាកប្បកិរិយារបស់នាងអាក្រក់ណាស់,NEG
75835,មេឃកំពុងភ្លៀងខ្លាំងនៅខាងក្រៅ,NEU
75836,ខ្ញុំមានអារម្មណ៍សប្បាយចិត្តនៅថ្ងៃនេះ,POS
75837,ខ្ញុំមានអារម្មណ៍ពិបាកចិត្តនឹងរឿងគ្រួសារ,NEG
75838,យើងកំពុងញ៉ាំបាយថ្ងៃត្រង់,NEU
75839,សួនច្បារនេះស្រស់ស្អាតណាស់,POS
75840,ក្លិនសំរាមនេះស្អុយណាស់,NEG
75841,ពួកគេកំពុងទៅរៀននៅសាលា,NEU
75842,សុខភាពរបស់គាត់ល្អប្រសើរឡើងហើយ,POS
75843,បន្ទប់នេះកខ្វក់ណាស់មិនមានអ្នកសម្អាត,NEG
75844,ឆ្កែកំពុងដេកនៅមុខផ្ទះ,NEU
75845,ដំណឹងនេះធ្វើឱ្យខ្ញុំរីករាយយ៉ាងខ្លាំង,POS
75846,ពាក្យសម្តីរបស់គាត់ធ្វើឱ្យខ្ញុំឈឺចាប់,NEG
75847,យើងកំពុងដើរទៅផ្សារ,NEU
75848,គម្រោងនេះទទួលបានជោគជ័យធំធេង,POS
75849,គម្រោងនេះបរាជ័យទាំងស្រុង,NEG
75850,គាត់កំពុងអង្គុយផឹកកាហ្វេ,NEU
75851,ក្មេងនេះឆ្លាតណាស់រៀនពូកែ,POS
75852,ការសម្រេចចិត្តនេះល្ងង់ណាស់,NEG
75853,នាងកំពុងសរសេរសំបុត្រ,NEU
75854,ដំបូន្មាននេះមានប្រយោជន៍ណាស់,POS
75855,ការងារនេះគ្មានប្រយោជន៍អ្វីសោះ,NEG
75856,គាត់កំពុងអានសៀវភៅរឿង,NEU
75857,ការសម្តែងនេះអស្ចារ្យណាស់,POS
75858,ខ្សែភាពយន្តនេះគួរឱ្យធុញណាស់,NEG
75859,ខ្ញុំកំពុងស្តាប់វិទ្យុ,NEU
75860,ចម្លើយរបស់អ្នកត្រឹមត្រូវហើយ,POS
75861,ចម្លើយរបស់អ្នកខុសហើយ,NEG
75862,ពួកគេកំពុងនិយាយគ្នា,NEU
75863,អ្នកលក់នេះរួសរាយណាស់,POS
75864,នាងមានចរិតឆ្មើងឆ្មៃណាស់,NEG
75865,យើងកំពុងមើលទូរទស្សន៍,NEU
75866,គាត់ជាមនុស្សស្មោះត្រង់ត្រង់ទៅត្រង់មក,POS
75867,កុំជឿគាត់គាត់ពូកែកុហកណាស់,NEG
75868,ខ្ញុំកំពុងគិតអំពីអនាគត,NEU
75869,នាងជាសិស្សឧស្សាហ៍ព្យាយាម,POS
75870,គាត់ខ្ជិលណាស់មិនចង់ធ្វើអ្វីទេ,NEG
75871,ក្មេងៗកំពុងរត់លេង,NEU
75872,ទាហាននោះក្លាហានណាស់,POS
75873,គាត់កំសាកណាស់មិនហ៊ានប្រឈមមុខ,NEG
75874,ឆ្កែកំពុងលោតចាប់បាល់,NEU
75875,ប្រទេសយើងមានសន្តិភាពពេញលេញ,POS
75876,សង្គ្រាមនាំមកនូវទុក្ខវេទនា,NEG
75877,ពួកគេកំពុងហែលទឹកក្នុងអាង,NEU
75878,ខ្ញុំស្រឡាញ់គ្រួសាររបស់ខ្ញុំ,POS
75879,ខ្ញុំស្អប់អំពើហិង្សា,NEG
75880,គាត់កំពុងផឹកទឹកក្រូច,NEU
75881,ខ្ញុំសង្ឃឹមថាអ្វីៗនឹងល្អប្រសើរ,POS
75882,ខ្ញុំអស់សង្ឃឹមនឹងជីវិតនេះណាស់,NEG
75883,នាងកំពុងឈររង់ចាំមិត្តភក្តិ,NEU
75884,អាហារនេះឆ្ងាញ់ណាស់សូមសរសើរ,POS
75885,សេវាកម្មនៅទីនេះយឺតណាស់,NEG
75886,ខ្ញុំទៅធ្វើការរាល់ថ្ងៃចន្ទដល់សុក្រ,NEU
75887,ទេសភាពស្អាតណាស់គួរឱ្យចង់រស់នៅ,POS
75888,ផ្លូវនេះខូចខ្លាំងពិបាកធ្វើដំណើរ,NEG
75889,សិស្សកំពុងប្រឡងនៅសាលា,NEU
75890,បុគ្គលិកល្អណាស់ជួយសម្រួលគ្រប់យ៉ាង,POS
75891,បន្ទប់ទឹកស្អុយណាស់គ្មានអនាម័យ,NEG
75892,គាត់កំពុងជួសជុលឡាន,NEU
75893,ខ្ញុំសប្បាយចិត្តដែលបានមកទីនេះ,POS
75894,ខ្ញុំមិនពេញចិត្តនឹងការងារនេះទេ,NEG
75895,មេឃកំពុងភ្លៀងរលឹម,NEU
75896,សៀវភៅនេះល្អណាស់សម្រាប់ក្មេងៗ,POS
75897,ទំនិញនេះគុណភាពអន់ណាស់,NEG
75898,នាងកំពុងធ្វើកិច្ចការផ្ទះ,NEU
75899,ការរៀបចំពិធីនេះល្អណាស់,POS
75900,ខ្ញុំខកចិត្តនឹងសេវាកម្មនេះ,NEG
75901,យើងកំពុងញ៉ាំបាយជុំគ្រួសារ,NEU
75902,បរិយាកាសកន្លែងនេះស្រស់ស្រាយ,POS
75903,ខ្ញុំធុញទ្រាន់នឹងរឿងដដែលៗ,NEG
75904,គាត់កំពុងរៀនបើកបរ,NEU
75905,ស្នាមញញឹមរបស់អ្នកស្អាតណាស់,POS
75906,ខ្ញុំឈឺចាប់ណាស់ដែលគេកុហក,NEG
75907,ក្មេងៗកំពុងលេងនៅសួនច្បារ,NEU
75908,ការផ្តល់ជូននេះពិសេសណាស់,POS
75909,តម្លៃថ្លៃពេកខ្ញុំមិនមានលទ្ធភាពទិញទេ,NEG
75910,ក្រុមការងារយើងសាមគ្គីគ្នាបានល្អ,POS
75911,សំរាមចោលពាសវាលពាសកាល,NEG
75912,ប៉ូលិសកំពុងធ្វើការនៅតាមផ្លូវ,NEU
75913,ដំណើរកម្សាន្តនេះសប្បាយណាស់,POS
75914,ខ្ញុំអស់កម្លាំងខ្លាំងណាស់ថ្ងៃនេះ,NEG
75915,គាត់កំពុងសរសេររបាយការណ៍,NEU
75916,ចំណេះដឹងគឺជាទ្រព្យសម្បត្តិ,POS
75917,ការប្រមាថមើលងាយជារឿងមិនល្អ,NEG
75918,រថយន្តកំពុងឈប់នៅស្តុប,NEU
75919,សន្តិភាពសំខាន់ណាស់សម្រាប់យើង,POS
75920,ខ្ញុំខ្លាចសត្វកន្លាត,NEG
75921,សៀវភៅនេះមានច្រើនទំព័រ,NEU
75922,ក្តីស្រឡាញ់របស់ម៉ាក់ធំធេងណាស់,POS
75923,ការកកស្ទះចរាចរណ៍ធ្វើឱ្យខាតពេល,NEG
75924,គាត់ពាក់អាវពណ៌សទៅសាលា,NEU
75925,ការផ្តល់ជូននេះចំណេញច្រើន,POS
75926,ខ្ញុំទ្រាំមិនបាននឹងកំដៅនេះទេ,NEG
75927,មានដើមឈើជាច្រើននៅទីនេះ,NEU
75928,មិត្តល្អជួយគ្នាក្នុងគ្រាលំបាក,POS
75929,ជំងឺធ្វើឱ្យគាត់ខ្សោយ,NEG
75930,យើងញ៉ាំបាយល្ងាចនៅផ្ទះ,NEU
75931,បទពិសោធន៍នេះល្អណាស់,POS
75932,កន្លែងនេះចង្អៀតណាស់,NEG
75933,ឆ្កែកំពុងព្រុសនៅក្រៅរបង,NEU
75934,សុខភាពល្អគឺជាទ្រព្យ,POS
75935,ការបាត់បង់នេះសោកស្តាយណាស់,NEG
75936,ខ្ញុំចូលចិត្តស្តាប់ចម្រៀង,NEU
75937,នាងយំព្រោះឈឺចាប់,NEG
75938,មេឃស្រឡះល្អណាស់,NEU
75939,អរគុណសម្រាប់ការជួយ,POS
75940,កំហុសនេះធ្ងន់ធ្ងរណាស់,NEG
75941,សត្វបក្សីហើរលើមេឃ,NEU
75942,ស្នាមញញឹមធ្វើឱ្យសប្បាយចិត្ត,POS
75943,ផ្សែងបារីធ្វើឱ្យពិបាកដកដង្ហើម,NEG
75944,ខ្ញុំកំពុងរៀនភាសា,NEU
75945,ការសម្តែងល្អឥតខ្ចោះ,POS
75946,សេដ្ឋកិច្ចកំពុងធ្លាក់ចុះ,NEG
75947,គាត់ជិះកង់ទៅលេងមិត្ត,NEU
75948,ជីវិតពោរពេញដោយក្តីសង្ឃឹម,POS
75949,ការឈ្លោះគ្នាមិនល្អទេ,NEG
75950,តុនេះធ្វើពីឈើ,NEU
75951,ជោគជ័យកើតពីការខិតខំ,POS
75952,ខ្ញុំធុញនឹងការងារនេះ,NEG
75953,ទឹកទន្លេហូរទៅសមុទ្រ,NEU
75954,គាត់ជាមេដឹកនាំល្អ,POS
75955,សង្គ្រាមបំផ្លាញអ្វីៗគ្រប់យ៉ាង,NEG
75956,ទេសភាពសមុទ្រស្អាត,POS
75957,សេវាកម្មអាក្រក់ណាស់,NEG
75958,ខ្ញុំកំពុងសរសេរអត្ថបទ,NEU
75959,អាហារពេលព្រឹកឆ្ងាញ់,POS
75960,គាត់មកធ្វើការយឺត,NEG
75961,សាលារៀនចាប់ផ្តើមពេលព្រឹក,NEU
75962,ការរចនាម៉ូតស្អាត,POS
75963,បន្ទប់នេះមានធូលីច្រើន,NEG
75964,ឪពុកខ្ញុំជាគ្រូបង្រៀន,NEU
75965,ខ្ញុំពេញចិត្តនឹងគុណភាព,POS
75966,សំឡេងក្មេងយំរំខាន,NEG
75967,យើងទៅទស្សនារមណីយដ្ឋាន,NEU
75968,គ្រូពន្យល់បានច្បាស់,POS
75969,ទំនិញខុសពីការផ្សាយ,NEG
75970,គាត់កំពុងជួសជុលកង់,NEU
75971,សួនច្បារមានផ្កាច្រើន,POS
75972,ការប្រជុំនេះគ្មានលទ្ធផល,NEG
75973,ម្តាយកំពុងធ្វើម្ហូប,NEU
75974,ទំនាក់ទំនងល្អប្រសើរ,POS
75975,ខ្ញុំមិនចូលចិត្តចរិតនាង,NEG
75976,ព្រះចន្ទរះពេលយប់,NEU
75977,ភាពស្មោះត្រង់ជារឿងល្អ,POS
75978,អាហារនេះហឹរពេក,NEG
75979,សិស្សកំពុងធ្វើលំហាត់,NEU
75980,ទេសភាពភ្នំស្រស់ស្រាយ,POS
75981,ការបំពុលបរិស្ថានមិនល្អទេ,NEG
75982,ខ្ញុំដាក់កូនសោលើតុ,NEU
75983,គម្រោងនេះជោគជ័យ,POS
75984,គាត់និយាយកុហកខ្ញុំ,NEG
75985,បក្សីរកចំណី,NEU
75986,ការផ្តល់ជូននេះល្អពេក,POS
75987,សម្លេងម៉ាស៊ីនខ្លាំងពេក,NEG
75988,ពួកគេរង់ចាំរថភ្លើង,NEU
75989,ខ្ញុំសប្បាយចិត្តណាស់,POS
75990,ផ្លូវនេះពិបាកជិះ,NEG
75991,សៀវភៅនេះនិយាយពីប្រវត្តិសាស្ត្រ,NEU
75992,បុគ្គលិកមានសុជីវធម៌,POS
75993,កុំព្យូទ័រគាំងរហូត,NEG
75994,អាកាសធាតុថ្ងៃនេះល្អ,NEU
75995,សិល្បៈនេះមានតម្លៃ,POS
75996,ខ្ញុំខកចិត្តខ្លាំង,NEG
75997,គាត់អានកាសែត,NEU
75998,ដំណើរកម្សាន្តសប្បាយ,POS
75999,អាហារគ្មានអនាម័យ,NEG
76000,ឆ្មាដេកលើសាឡុង,NEU
76001,ទំនុកចិត្តសំខាន់,POS
76002,ខ្ញុំស្អប់ការបង្ខំ,NEG
76003,យើងគោរពច្បាប់,NEU
76004,ពាក្យគាត់លើកទឹកចិត្ត,POS
76005,នយោបាយវឹកវរ,NEG
76006,នាងរៀនលេងព្យាណូ,NEU
76007,ខ្ញុំស្រឡាញ់សន្តិភាព,POS
76008,កាបូបគុណភាពអន់,NEG
76009,កសិករប្រមូលផល,NEU
76010,ការតាំងចិត្តគួរឱ្យសរសើរ,POS
76011,ពាក្យសម្តីនាងឈឺចាប់,NEG
76012,យន្តហោះចុះចត,NEU
76013,សណ្ឋាគារមានអាងហែលទឹក,POS
76014,ខ្ញុំចាញ់បោកគេ,NEG
76015,គាត់ជាវេជ្ជបណ្ឌិត,NEU
76016,បរិយាកាសការងារល្អ,POS
76017,ក្លិនលូស្អុយ,NEG
76018,ខ្ញុំទៅទិញម្ហូប,NEU
76019,សេវាកម្មរហ័ស,POS
76020,ការរិះគន់គ្មានមូលដ្ឋាន,NEG
76021,ក្មេងលេងលាក់កន្សែង,NEU
76022,ម្ហូបខ្មែរឆ្ងាញ់,POS
76023,ខ្ញុំមិនអាចចូលគណនី,NEG
76024,ថ្ងៃស្អែកឈប់សម្រាក,NEU
76025,ការជួយសង្គ្រោះល្អ,POS
76026,ខ្ញុំធុញការស្ទះចរាចរណ៍,NEG
76027,គាត់សាងសង់ផ្ទះ,NEU
76028,ការទទួលស្វាគមន៍កក់ក្តៅ,POS
76029,ប្រេងសាំងឡើងថ្លៃ,NEG
76030,ខ្ញុំញ៉ាំបាយស្រូប,NEU
76031,ថ្ងៃលិចស្អាត,POS
76032,គាត់អាត្មានិយម,NEG
76033,សិស្សប្រឡង,NEU
76034,ចិត្តស្ងប់នាំសុខ,POS
76035,សង្គមហិង្សា,NEG
76036,ខ្ញុំទិញសំបុត្រយន្តហោះ,NEU
76037,ការច្នៃប្រឌិតល្អ,POS
76038,ខ្ញុំមិនពេញចិត្តទេ,NEG
76039,គាត់មើលទូរទស្សន៍,NEU
76040,សម្លៀកបំពាក់ស្អាត,POS
76041,សេវាឆ្គាំឆ្គង,NEG
76042,យើងការពារបរិស្ថាន,NEU
76043,ខ្ញុំមានកិត្តិយស,POS
76044,សំឡេងឡូឡា,NEG
76045,គ្រូបង្រៀនអក្សរ,NEU
76046,ដំណោះស្រាយមានប្រសិទ្ធភាព,POS
76047,គេមិនយកចិត្តទុកដាក់,NEG
76048,តុពណ៌ត្នោត,NEU
76049,គ្រួសារកក់ក្តៅ,POS
76050,របស់ថ្លៃគុណភាពអន់,NEG
76051,ខ្ញុំផឹកកាហ្វេ,NEU
76052,មិត្តល្អជួយគ្នា,POS
76053,បញ្ហាស្មុគស្មាញ,NEG
76054,មេឃរកភ្លៀង,NEU
76055,ការសម្តែងអស្ចារ្យ,POS
76056,សៀវភៅផ្តល់ចំណេះ,POS
76057,ពណ៌ស្រអាប់,NEG
76058,ឆ្កែដេកក្រោមដើមឈើ,NEU
76059,ការរៀបចំស្អាត,POS
76060,អាកប្បកិរិយាមិនល្អ,NEG
76061,យើងដើរលេង,NEU
76062,នាងសប្បាយរីករាយ,POS
76063,ការងារធ្ងន់ធ្ងរ,NEG
76064,ខ្ញុំឃើញគាត់នៅផ្សារ,NEU
76065,បង្អែមឆ្ងាញ់,POS
76066,បន្ទប់ងងឹត,NEG
76067,រថភ្លើងមកដល់,NEU
76068,គំនិតមានតម្លៃ,POS
76069,ខ្ញុំបាក់ទឹកចិត្ត,NEG
76070,សិស្សឆ្លើយសំណួរ,NEU
76071,វាលស្រែស្រស់ស្រាយ,POS
76072,ដឹកជញ្ជូនធ្វេសប្រហែស,NEG
76073,គាត់ផឹកតែ,NEU
76074,មិត្តភាពស្ថិតស្ថេរ,POS
76075,វិបត្តិហិរញ្ញវត្ថុ,NEG
76076,នាងទិញបន្លែ,NEU
76077,តន្ត្រីរំភើប,POS
76078,ផ្លូវសុទ្ធតែរន្ធ,NEG
76079,ក្មេងលេងខ្សាច់,NEU
76080,ម្ចាស់ផ្ទះកក់ក្តៅ,POS
76081,លក្ខខណ្ឌការងារមិនល្អ,NEG
76082,ព្រះអាទិត្យលិច,NEU
76083,ផលិតផលធន់,POS
76084,ក្លិនសំរាមស្អុយ,NEG
76085,គាត់ជិះម៉ូតូ,NEU
76086,ក្តីស្រមៃក្លាយជាការពិត,POS
76087,រង់ចាំយូរមួម៉ៅ,NEG
76088,សៀវភៅអ្នកនិពន្ធល្បី,NEU
76089,ចិត្តសប្បុរស,POS
76090,អាហារល្វីង,NEG
76091,យើងទៅលេងជីដូន,NEU
76092,ខ្យល់អាកាសបរិសុទ្ធ,POS
76093,ខ្ញុំអស់កម្លាំង,NEG
76094,នាងដេរអាវ,NEU
76095,ជឿជាក់លើខ្លួនឯង,POS
76096,ស្តីបន្ទោសគ្មានហេតុផល,NEG
76097,ពួកគេដាំកូនឈើ,NEU
76098,ស្នាមញញឹមកូន,POS
76099,ទូរស័ព្ទអស់ថ្ម,NEG
76100,ខ្ញុំចូលចិត្តពណ៌ខៀវ,NEU
76101,បន្លែធម្មជាតិ,POS
76102,បាត់បង់ទំនុកចិត្ត,NEG
76103,គាត់ពិនិត្យឯកសារ,NEU
76104,ខ្ញុំពេញចិត្តការបកស្រាយ,POS
76105,សំឡេងរំខាន,NEG
76106,ប៉ូលិសសម្រួលចរាចរណ៍,NEU
76107,បទពិសោធន៍អស្ចារ្យ,POS
76108,ទំនិញឡើងថ្លៃ,NEG
76109,នាងនិយាយទូរស័ព្ទ,NEU
76110,ជួយកុមារកំព្រា,POS
76111,ស្អប់ការកុហក,NEG
76112,រថយន្តក្រុងមកដល់,NEU
76113,ទឹកធ្លាក់ស្អាត,POS
76114,កំហុសបច្ចេកទេស,NEG
76115,យើងញ៉ាំបាយ,NEU
76116,តស៊ូនាំជោគជ័យ,POS
76117,ខ្ញុំឯកោ,NEG
76118,គោស៊ីស្មៅ,NEU
76119,អាហារឆ្ងាញ់តម្លៃសមរម្យ,POS
76120,អយុត្តិធម៌ក្នុងសង្គម,NEG
76121,គាត់ជាអ្នកគ្រប់គ្រង,NEU
76122,ការចងចាំល្អ,POS
76123,មនុស្សកកកុញ,NEG
76124,ភ្លៀងធ្លាក់ខ្លាំង,NEU
76125,សេវាកម្មធនាគារល្អ,POS
76126,ការបដិសេធធ្វើឱ្យអាម៉ាស់,NEG
76127,សិស្សគោរពវិន័យ,NEU
76128,ខ្ញុំមានក្តីសុខ,POS
76129,ជំងឺរាតត្បាត,NEG
76130,នាងរៀបចំកាបូប,NEU
76131,គំនិតផ្តួចផ្តើមល្អ,POS
76132,ធុញពាក្យដោះសារ,NEG
76133,វិស្វករគូរប្លង់,NEU
76134,សម្លេងទឹកហូរពីរោះ,POS
76135,បែកបាក់គ្រួសារ,NEG
76136,ខ្ញុំអានសៀវភៅ,NEU
76137,តុបតែងទាក់ទាញ,POS
76138,ខ្ញុំមិនស្រួលខ្លួន,NEG
76139,គេលេងបាល់ទះ,NEU
76140,សេចក្តីល្អឈ្នះ,POS
76141,ផ្លូវងងឹត,NEG
76142,គាត់ធ្វើការក្រុមហ៊ុន,NEU
76143,តារាចម្រៀងអស្ចារ្យ,POS
76144,ខ្ញុំភ័យខ្លាច,NEG
76145,ម៉ោងចេញធ្វើការ,NEU
76146,កាហ្វេត្រូវចិត្ត,POS
76147,បោកប្រាស់អនឡាញ,NEG
76148,ឆ្មាដេក,NEU
76149,សួនច្បារខ្យល់ល្អ,POS
76150,រិះគន់គ្មានន័យ,NEG
76151,សិស្សពិសោធន៍,NEU
76152,ផ្តល់ឱកាសល្អ,POS
76153,សំឡេងម៉ូតូខ្លាំង,NEG
76154,យើងជួបគ្នា,NEU
76155,គ្រួសារសុភមង្គល,POS
76156,ស្តង់ដារខ្ពស់,POS
76157,កេងប្រវ័ញ្ច,NEG
76158,កសិករភ្ជួរស្រែ,NEU
76159,ពិព័រណ៍ទាក់ទាញ,POS
76160,អាកប្បកិរិយាឈ្លើយ,NEG
76161,គាត់លាងឡាន,NEU
76162,ទឹកចិត្តបរិសុទ្ធ,POS
76163,គុណភាពអាហារអន់,NEG
76164,ពិភាក្សាអាជីវកម្ម,NEU
76165,សេវាកម្មល្អឥតខ្ចោះ,POS
76166,ខាតពេលប្រជុំ,NEG
76167,សៀវភៅលើតុ,NEU
76168,វាលស្មៅខៀវខ្ចី,POS
76169,ពាក្យមើលងាយ,NEG
76170,នាងទិញផ្លែឈើ,NEU
76171,ជួយគ្នាល្អ,POS
76172,ម៉ាស៊ីនត្រជាក់រំខាន,NEG
76173,ក្មេងរៀនហែលទឹក,NEU
76174,បរិយាកាសរ៉ូមែនទិក,POS
76175,មិនមានសុវត្ថិភាព,NEG
76176,ឡានក្រុងចេញដំណើរ,NEU
76177,គំនិតប្លែក,POS
76178,គាត់សរសេរសារ,NEU
76179,លទ្ធផលល្អណាស់,POS
76180,ធូលីច្រើនពេក,NEG
76181,ញ៉ាំត្រីអាំង,NEU
76182,ជោគជ័យរួមគ្នា,POS
76183,ការងារគ្មានអនាគត,NEG
76184,ឈរគោរពទង់ជាតិ,NEU
76185,យោបល់មានប្រយោជន៍,POS
76186,ម្ហូបសាបពេក,NEG
76187,ម៉ាក់បំបៅកូន,NEU
76188,បុគ្គលិកញញឹម,POS
76189,បំពានច្បាប់,NEG
76190,រត់ហាត់ប្រាណ,NEU
76191,ចំណាយខ្ពស់,NEG
76192,ឆ្កែដេញឆ្មា,NEU
76193,សៀវភៅល្អមើល,POS
76194,មិនគោរពសន្យា,NEG
76195,ទៅមើលកុន,NEU
76196,យកចិត្តទុកដាក់,POS
76197,បន្ទប់តូចចង្អៀត,NEG
76198,ធ្វើកិច្ចការផ្ទះ,NEU
76199,ថ្ងៃរះស្រស់ត្រកាល,POS
76200,ឈឺក្បាលវិលមុខ,NEG
76201,ប៉ូលិសផាកពិន័យ,NEU
76202,ម្ហូបមានអនាម័យ,POS
76203,សេវាយឺតយ៉ាវ,NEG
76204,អ្នករត់តុ,NEU
76205,រចនាម៉ូតផ្ទះស្អាត,POS
76206,ភ្ញាក់ពីគេង,NEG
76207,ដាំផ្កាកុលាប,NEU
76208,គាត់ស្មោះត្រង់,POS
76209,បាត់ទូរស័ព្ទ,NEG
76210,ជិះទូកលេង,NEU
76211,ផលប្រយោជន៍សហគមន៍,POS
76212,ការប្រមាថ,NEG
76213,បូមទឹកដាក់ស្រែ,NEU
76214,តន្ត្រីពីរោះ,POS
76215,ផ្លូវលំពិបាក,NEG
76216,អានសៀវភៅបណ្ណាល័យ,NEU
76217,ដំណឹងល្អ,POS
76218,មិនទទួលខុសត្រូវ,NEG
76219,ជិះម៉ូតូឌុប,NEU
76220,គោរពចាស់ទុំ,POS
76221,បញ្ហាដដែលៗ,NEG
76222,ចិតបន្លែ,NEU
76223,សេវាទាន់ចិត្ត,POS
76224,កុំព្យូទ័រខូច,NEG
76225,ទៅមង្គលការ,NEU
76226,ធម្មជាតិស្អាត,POS
76227,រិះគន់មិនស្ថាបនា,NEG
76228,ក្មេងលេងបាល់,NEU
76229,សេវាធនាគារល្អ,POS
76230,តម្លៃថ្លៃហួស,NEG
76231,បញ្ចូលទិន្នន័យ,NEU
76232,បុណ្យកុសល,POS
76233,មិនអើពើ,NEG
76234,រថយន្តចត,NEU
76235,បទពិសោធន៍គួរចាប់អារម្មណ៍,POS
76236,ទៅធ្វើការយឺត,NEG
76237,ជួសជុលផ្លូវ,NEU
76238,សម្លកកូរឆ្ងាញ់,POS
76239,អាកាសធាតុក្តៅ,NEG
76240,ពាក់អាវក្រហម,NEU
76241,ការគាំទ្រមានន័យ,POS
76242,ឈឺក្បាល,NEG
76243,ញ៉ាំបាយជុំគ្នា,NEU
76244,គតិបណ្ឌិត,POS
76245,និយាយដើមគេ,NEG
76246,អ្នកបើកបរ,NEU
76247,ស្រុកស្រែស្រស់ស្រាយ,POS
76248,ធ្វេសប្រហែស,NEG
76249,ប្រឡងគណិតវិទ្យា,NEU
76250,មូលដ្ឋានគ្រឹះល្អ,POS
76251,ឯកោខ្លាំង,NEG
76252,ឆ្កែព្រុស,NEU
76253,ទទួលស្វាគមន៍ល្អ,POS
76254,ខកចិត្ត,NEG
76255,ផឹកកាហ្វេអានកាសែត,NEU
76256,គំនិតឆ្លាតវៃ,POS
76257,ម៉ូតូប្រណាំងរំខាន,NEG
76258,ទៅលេងសៀមរាប,NEU
76259,តម្លៃសមរម្យ,POS
76260,សេវាអាក្រក់,NEG
76261,បង្រៀនភាសាអង់គ្លេស,NEU
76262,ស្មោះត្រង់ល្អ,POS
76263,បោកប្រាស់ទូរស័ព្ទ,NEG
76264,ច្រូតស្រូវ,NEU
76265,ថ្ងៃលិចមាត់ទន្លេ,POS
76266,មិនសប្បាយចិត្ត,NEG
76267,ជិះកង់ទៅរៀន,NEU
76268,ចំណុចល្អ,POS
76269,បន្ទប់ទឹកកខ្វក់,NEG
76270,រៀបចំបុណ្យចូលឆ្នាំ,NEU
76271,សន្តិភាពផ្លូវចិត្ត,POS
76272,រង់ចាំយូរពេក,NEG
76273,សៀវភៅប្រវត្តិសាស្ត្រ,NEU
76274,បរិយាកាសស្ងប់ស្ងាត់,POS
76275,មិនគោរពពេល,NEG
76276,វិស្វករសំណង់,NEU
76277,សិល្បៈមានន័យ,POS
76278,ធ្វើបាបសត្វ,NEG
76279,រង់ចាំមិត្ត,NEU
76280,សហការល្អ,POS
76281,ឆ្លើយតបមិនច្បាស់,NEG
76282,ភ្លៀងធ្លាក់,NEU
76283,សំឡេងពីរោះ,POS
76284,គ្រោះថ្នាក់ចរាចរណ៍,NEG
76285,ធ្វើលំហាត់ប្រាណ,NEU
76286,អត់ធ្មត់ល្អ,POS
76287,សេវាយឺត,NEG
76288,ជួសជុលម៉ូតូ,NEU
76289,ខ្យល់បរិសុទ្ធ,POS
76290,មិនស្រួលខ្លួន,NEG
76291,ចំអិនអាហារ,NEU
76292,ផ្កាស្រស់ស្អាត,POS
76293,ក្មេងយំ,NEG
76294,ទស្សនាសារមន្ទីរ,NEU
76295,ប្រាក់ខែសមរម្យ,POS
76296,សរសេរកូដ,NEU
76297,តុបតែងស្អាត,POS
76298,ផ្សែងបារី,NEG
76299,ឆ្កែយាមផ្ទះ,NEU
76300,ក្តីស្រឡាញ់កម្លាំងចិត្ត,POS
76301,បាត់ឯកសារ,NEG
76302,លេងបាល់ទះឆ្នេរ,NEU
76303,ការ៉េមផ្អែម,POS
76304,ត្អូញត្អែរ,NEG
76305,រៀនកុំព្យូទ័រ,NEU
76306,សក្តានុពលខ្ពស់,POS
76307,រើសអើង,NEG
76308,អ្នកលក់ដូរ,NEU
76309,សេវាដឹកជញ្ជូនរហ័ស,POS
76310,ផ្លូវខូច,NEG
76311,អានរឿងនិទាន,NEU
76312,ព្រៃភ្នំស្អាត,POS
76313,គ្មានតម្លៃ,NEG
76314,ពិភាក្សាកម្សាន្ត,NEU
76315,តាំងចិត្តខ្ពស់,POS
76316,អាហារប្រៃ,NEG
76317,ដាំដើមឈើ,NEU
76318,បន្ទប់ធំទូលាយ,POS
76319,សម្តីគ្រោតគ្រាត,NEG
76320,បក្សីហើរ,NEU
76321,អំពើមានន័យ,POS
76322,ខឹងខ្លួនឯង,NEG
76323,ត្រួតពិនិត្យចរាចរណ៍,NEU
76324,រួសរាយរាក់ទាក់,POS
76325,បំពុលទឹក,NEG
76326,ញ៉ាំបាយព្រឹក,NEU
76327,គំនិតល្អប្រសើរ,POS
76328,ចាញ់ប្រៀប,NEG
76329,សិស្សពូកែ,NEU
76330,រស់នៅសាមញ្ញ,POS
76331,គ្មានអារម្មណ៍ធ្វើការ,NEG
76332,ជួសជុលដំបូល,NEU
76333,ចំណេញច្រើន,POS
76334,អាកប្បកិរិយាអាក្រក់,NEG
76335,លេងលោតអន្ទាក់,NEU
76336,ទំនិញយឺត,NEG
76337,ថែសួន,NEU
76338,តែឈ្ងុយឆ្ងាញ់,POS
76339,និយាយកុហក,NEG
76340,ទិញសម្លៀកបំពាក់,NEU
76341,បន្ទប់ស្អាត,POS
76342,បាត់ឱកាស,NEG
76343,លេងហ្គីតា,NEU
76344,រីករាយធ្វើការ,POS
76345,បង្ខិតបង្ខំ,NEG
76346,ធ្វើតេស្ត,NEU
76347,មោទនភាព,POS
76348,ផ្លូវស្ទះ,NEG
76349,គ្រូគណិត,NEU
76350,ចម្រៀងសម័យដើម,POS
76351,រិះគន់បាក់ទឹកចិត្ត,NEG
76352,ទេសភាពកោះរុង,POS
76353,សេវាក្រុមហ៊ុនអន់,NEG
76354,អានកាសែត,NEU
76355,គុយទាវឆ្ងាញ់,POS
76356,មេឃស្រឡះ,NEU
76357,បុគ្គលិកចេះជួយ,POS
76358,ទំនិញអន់,NEG
76359,ប្រមូលផលពោត,NEU
76360,របៀបរៀបរយល្អ,POS
76361,ម៉ាស៊ីនរំខាន,NEG
76362,រៀនគូររូប,NEU
76363,ពេញចិត្តការវះកាត់,POS
76364,ផ្លូវមានរន្ធ,NEG
76365,ដេរអាវ,NEU
76366,ចំណេះដឹងថ្មី,POS
76367,មិនផ្តល់តម្លៃ,NEG
76368,លេងបាល់បោះ,NEU
76369,អាកាសធាតុត្រជាក់,POS
76370,ខូចការងារ,NEG
76371,ថ្ងៃមានន័យ,POS
76372,រង់ចាំធនាគារ,NEG
76373,ទិញបន្លែ,NEU
76374,គួរឱ្យគោរព,POS
76375,គ្មានរសជាតិ,NEG
76376,ទៅលេងសួនសត្វ,NEU
76377,សៀកអស្ចារ្យ,POS
76378,ក្រអឺតក្រទម,NEG
76379,ក្មេងលេងដី,NEU
76380,ផាសុកភាព,POS
76381,បាត់បង់ប្រាក់,NEG
76382,សម្រួលចរាចរណ៍,NEU
76383,សប្បាយចិត្តទទួលកាដូ,POS
76384,បញ្ហាសុខភាព,NEG
76385,ឆ្កែដេកក្រោមម្លប់,NEU
76386,សន្សំសំចៃថាមពល,POS
76387,សន្យាខ្យល់,NEG
76388,សរសេររបាយការណ៍,NEU
76389,ថ្ងៃលិចអង្គរ,POS
76390,ក្លិនស្អុយ,NEG
76391,ញ៉ាំបាយល្ងាច,NEU
76392,លើកទឹកចិត្ត,POS
76393,គ្មានទីពឹង,NEG
76394,លំហាត់ប្រាណពេលព្រឹក,NEU
76395,កាហ្វេឈ្ងុយ,POS
76396,រិះគន់គ្មានហេតុផល,NEG
76397,ពាក់អាវខៀវ,NEU
76398,ជោគជ័យហួសរំពឹង,POS
76399,ទូរស័ព្ទគាំង,NEG
76400,ភ្ជួរស្រែ,NEU
76401,ការងារវិជ្ជាជីវៈ,POS
76402,មិនទទួលប្រមាថ,NEG
76403,ជួសជុលកង់,NEU
76404,សៀវភៅល្អ,POS
76405,ស្ទះចរាចរណ៍ភ្នំពេញ,NEG
76406,ពិភាក្សាគម្រោង,NEU
76407,យកចិត្តទុកដាក់ល្អ,POS
76408,សេវាកម្មពេញចិត្ត,POS
76409,ការដ្ឋានរំខាន,NEG
76410,ឆ្មាចាប់កណ្តុរ,NEU
76411,តុបតែងមង្គលការ,POS
76412,ចាញ់បោកការរកស៊ី,NEG
76413,គ្រូខ្មែរ,NEU
76414,ជួយកុមារ,POS
76415,រៀនធ្វើនំ,NEU
76416,សន្តិភាពចិត្ត,POS
76417,ក្មេងលេង,NEU
76418,ទីក្រុងស្អាត,POS
76419,និយាយដើម,NEG
76420,ប្រឡងឆមាស,NEU
76421,បទពិសោធន៍មានតម្លៃ,POS
76422,អាហារមានខ្លាញ់,NEG
76423,ជោគជ័យមិនឈប់,POS
76424,ស្តាយក្រោយ,NEG
76425,រង់ចាំរថភ្លើង,NEU
76426,ទឹកធ្លាក់ស្រស់ត្រកាល,POS
76427,បាចជី,NEU
76428,ផ្តល់ជូនពិសេស,POS
76429,អានប្រវត្តិសាស្ត្រ,NEU
76430,ជនបទស្ងប់ស្ងាត់,POS
76431,បំពុលសុខភាព,NEG
76432,ធ្វើការធនាគារ,NEU
76433,ច្នៃប្រឌិតឆ្លាត,POS
76434,ការងារដដែលៗ,NEG
76435,បក្សីត្រឡប់សំបុក,NEU
76436,អាហារពេលព្រឹក,POS
76437,ទៅបុណ្យសព,NEU
76438,ខ្មែររួសរាយ,POS
76439,ខឹងពេលគេកុហក,NEG
76440,សិស្សសួរគ្រូ,NEU
76441,សួនច្បារសោភ័ណភាព,POS
76442,បុគ្គលិកឈ្លើយ,NEG
76443,ផឹកតែជាមួយជីតា,NEU
76444,បង្អែមផ្អែម,POS
76445,បន្ទប់ក្តៅ,NEG
76446,ឈប់សម្រាកជាតិ,NEU
76447,សេវារហ័ស,POS
76448,មួម៉ៅ,NEG
76449,មើលថែសួន,NEU
76450,កិត្តិយសចូលរួម,POS
76451,រឿងសោកស្តាយ,NEG
76452,ជិះកង់លេង,NEU
76453,សៀវភៅងាយយល់,POS
76454,បាក់ទឹកចិត្ត,NEG
76455,ញ៉ាំបាយថ្ងៃត្រង់,NEU
76456,ជួយសង្គម,POS
76457,ក្មេងយំឈឺក្បាល,NEG
76458,សាងសង់ផ្ទះ,NEU
76459,វាលស្រែបៃតង,POS
76460,ផ្លូវធូលី,NEG
76461,ពិសោធន៍វិទ្យាសាស្ត្រ,NEU
76462,ពេញចិត្តផលិតផល,POS
76463,រើសអើងពូជសាសន៍,NEG
76464,រៀបចំជប់លៀង,NEU
76465,ក្តីសុខឪពុកម្តាយ,POS
76466,ស្អប់ការស្ទះ,NEG
76467,និយាយទូរស័ព្ទ,NEU
76468,តស៊ូជោគជ័យ,POS
76469,ទៅលេងសមុទ្រ,NEU
76470,អាងហែលទឹកស្អាត,POS
76471,ខកចិត្តប្រឡង,NEG
76472,អ្នកបើកតាក់ស៊ី,NEU
76473,ប្រយោជន៍សហគមន៍,POS
76474,និយាយដើមមិនល្អ,NEG
76475,សេវាល្អចង់មកទៀត,POS
76476,ធុញបញ្ហា,NEG
76477,អានបណ្ណាល័យ,NEU
76478,ស្មោះត្រង់មូលដ្ឋាន,POS
76479,បោកប្រាស់មិនទទួល,NEG
76480,លេងបាល់ទះ,NEU
76481,ពេញចិត្តតុបតែង,POS
76482,ផ្លូវជង្គុក,NEG
76483,រំខានពិបាកផ្តោត,NEG
76484,ញ៉ាំត្រីចៀន,NEU
76485,សៀវភៅគតិបណ្ឌិត,POS
76486,ធ្វេសប្រហែសគ្រូពេទ្យ,NEG
76487,វិស្វករអគ្គិសនី,NEU
76488,ទេសភាពមណ្ឌលគិរី,POS
76489,ជឿជាក់សំខាន់,POS
76490,ត្រីងាប់,NEG
76491,បូមទឹក,NEU
76492,ស្វាគមន៍កក់ក្តៅ,POS
76493,ច្នៃប្រឌិតប្លែក,POS
76494,ផ្កាស្អាត,POS
76495,លេងបាល់ទាត់,NEU
76496,សេវាដឹកជញ្ជូន,POS
76497,ប្រឡងគណិត,NEU
76498,តាំងចិត្តជោគជ័យ,POS
76499,សណ្ឋាគារស្អាត,POS
76500,ជួយសង្គ្រោះ,POS
76501,ប្រេងសាំងថ្លៃ,NEG
76502,គំនិតថ្មីល្អ,POS
76503,ជនបទទាក់ទាញ,POS
76504,រំខានធ្វើការ,NEG
76505,ច្នៃប្រឌិតគួរកោតសរសើរ,POS
76506,តែឈ្ងុយ,POS
76507,បរិយាកាសរីករាយ,POS
76508,ចម្រៀងពីរោះ,POS
76509,ទេសភាពគំនូរ,POS
76510,មិនសុវត្ថិភាព,NEG
76511,រៀនអង់គ្លេស,NEU
76512,សេវាល្អឥតខ្ចោះ,POS
76513,កម្មវិធីអស្ចារ្យ,POS
76514,តម្លៃសេវា,NEG
76515,ចេញលេង,NEU
76516,អាហារឆ្ងាញ់,POS
76517,ដឹកជញ្ជូនយឺត,NEG
76518,ផ្លូវរលាក់,NEG
76519,ព្រៃស្រស់បំព្រង,POS
76520,ធុញរង់ចាំ,NEG
76521,ធ្វើម្ហូប,NEU
76522,សណ្ឋាគារទំនើប,POS
76523,បោកប្រាស់អាក្រក់,NEG
76524,លេងបាល់,NEU
76525,ពេញចិត្តការងារ,POS
76526,កុំព្យូទ័រយឺត,NEG
76527,ទៅផ្សារ,NEU
76528,បរិយាកាសល្អ,POS
76529,មិនចូលចិត្តម្ហូប,NEG
76530,គ្រូបង្រៀន,NEU
76531,ផ្តល់ជូនល្អ,POS
76532,សោកសៅ,NEG
76533,សិស្សរៀន,NEU
76534,ទេសភាពស្អាត,POS
76535,ផ្លូវគ្រោះថ្នាក់,NEG
76536,ដើរលេង,NEU
76537,សេវាកម្មល្អ,POS
76538,ខឹងណាស់,NEG
76539,ធ្វើការ,NEU
76540,ចិត្តល្អ,POS
76541,ភ្លៀង,NEU
76542,សប្បាយ,POS
76543,ពិបាក,NEG
76544,ញ៉ាំ,NEU
76545,ស្រស់,POS
76546,រៀន,NEU
76547,ល្អ,POS
76548,ឈឺ,NEG
76549,ធុញ,NEG
76550,អប់រំល្អ,POS
76551,អ៊ីនធឺណិតយឺត,NEG
76552,បើកបរ,NEU
76553,ថ្ងៃរះស្អាត,POS
76554,សេវាថ្លៃ,NEG
76555,ទិញសំបុត្រ,NEU
76556,បាត់កាបូប,NEG
76557,លេងទឹកភ្លៀង,NEU
76558,បន្ទប់ផាសុកភាព,POS
76559,សម្តីមិនសមរម្យ,NEG
76560,ញ៉ាំអាហារក្រៅ,NEU
76561,ផ្លូវយ៉ាប់,NEG
76562,រៀបចំប្រឡង,NEU
76563,បុគ្គលិកសរសើរ,POS
76564,បង្រៀនកូន,NEU
76565,ចាញ់បោក,NEG
76566,ភ្លៀងរលឹម,NEU
76567,សួនច្បារស្អាត,POS
76568,ជួយគ្នា,NEU
76569,គម្រោងមោទនភាព,POS
76570,រង់ចាំគ្មានហេតុផល,NEG
76571,ធ្វើនំបញ្ចុក,NEU
76572,អាកាសធាតុស្រស់ស្រាយ,POS
76573,ធ្វេសប្រហែសខូចខាត,NEG
76574,ដើរលេងមាត់ទន្លេ,NEU
76575,ខ្លឹមសារល្អ,POS
76576,បញ្ហាបច្ចេកទេស,NEG
76577,រកការងារ,NEU
76578,សម្លៀកបំពាក់ប្លែក,POS
76579,គ្មានទឹកប្រើ,NEG
76580,គោរពទង់ជាតិ,NEU
76581,ស្មោះត្រង់ពេញចិត្ត,POS
76582,បោកប្រាស់អ៊ីនធឺណិត,NEG
76583,រៀបចំវ៉ាលីស,NEU
76584,វាលស្រែគយគន់,POS
76585,ថ្លៃកប់ពពក,NEG
76586,ជួបគ្នា,NEU
76587,ជួយសង្គ្រោះជីវិត,POS
76588,តានតឹងការងារ,NEG
76589,ម្ហូបត្រូវមាត់,POS
76590,សេវាមិនស្តង់ដារ,NEG
76591,លាងចាន,NEU
76592,ទីតាំងល្អ,POS
76593,មិនសប្បាយចិត្តលទ្ធផល,NEG
76594,ច្នៃប្រឌិតដោះស្រាយ,POS
76595,ឡានតន្ត្រីរំខាន,NEG
76596,ពិភាក្សាធ្វើដំណើរ,NEU
76597,កោតសរសើរអត់ធ្មត់,POS
76598,បំពានសិទ្ធិ,NEG
76599,ញ៉ាំសម្លកកូរ,NEU
76600,ខឹងកុហក,NEG
76601,អានទស្សនាវដ្តី,NEU
76602,ជិះម៉ូតូ,NEU
76603,ធម្មជាតិស្ងប់,POS
76604,អាហារកំប៉ុងអន់,NEG
76605,គាំទ្រគ្រួសារ,POS
76606,ទស្សនាប្រាសាទ,NEU
76607,ដឹកជញ្ជូនល្អ,POS
76608,រិះគន់ប៉ះពាល់,NEG
76609,សំណាងមានមិត្ត,POS
76610,បាត់ទំនុកចិត្ត,NEG
76611,ជួសជុលកុំព្យូទ័រ,NEU
76612,កាហ្វេឆ្ងាញ់,POS
76613,សន្យាមិនធ្វើ,NEG
76614,ដាំផ្កា,NEU
76615,ស្តង់ដារអន្តរជាតិ,POS
76616,បន្ទប់ទឹកខ្ពើម,NEG
76617,រង់ចាំភ្ញៀវ,NEU
76618,ស្វាគមន៍រំភើប,POS
76619,ការដ្ឋានឈឺក្បាល,NEG
76620,សរសេរអ៊ីមែល,NEU
76621,មណ្ឌលគិរីស្អាត,POS
76622,ជោគជ័យគំរូ,POS
76623,ប្រមូលផល,NEU
76624,ចំណេះដឹងទូលាយ,POS
76625,លេងហ្គេម,NEU
76626,រស់នៅស្ងប់ស្ងាត់,POS
76627,ខាតបង់ប្រាក់,NEG
76628,ច្នៃប្រឌិតអស្ចារ្យ,POS
76629,ដើរលេងផ្សារ,NEU
76630,ចំណេញអតិថិជន,POS
76631,ទំនិញខូច,NEG
76632,រីករាយការងារ,POS
76633,តានតឹងស្ត្រេស,NEG
76634,គុណធម៌ល្អ,POS
76635,ផ្លូវពិបាក,NEG
76636,តែឆ្ងាញ់,POS
76637,កុហកគួរស្អប់,NEG
76638,ពេញចិត្តស្អាត,POS
76639,សោកស្តាយឱកាស,NEG
76640,រៀនអនឡាញ,NEU
76641,ជួយសង្គមថ្លៃថ្លា,POS
76642,ធ្វើលំហាត់,NEU
76643,បន្ទប់ទឹកស្អុយ,NEG
76644,ដឹកជញ្ជូនខកចិត្ត,NEG
76645,សប្បាយចិត្តមិត្ត,POS
76646,រៀនអក្សរ,NEU
76647,សមុទ្រស្អាត,POS
76648,សេវាល្អ,POS
76649,ខឹងយឺត,NEG
76650,ញ៉ាំថ្ងៃត្រង់,NEU
76651,សួនស្អាត,POS
76652,សំរាមស្អុយ,NEG
76653,សុខភាពល្អ,POS
76654,បន្ទប់កខ្វក់,NEG
76655,ឆ្កែដេក,NEU
76656,ដំណឹងរីករាយ,POS
76657,សម្តីឈឺចាប់,NEG
76658,ដើរទៅផ្សារ,NEU
76659,គម្រោងជោគជ័យ,POS
76660,គម្រោងបរាជ័យ,NEG
76661,អង្គុយផឹក,NEU
76662,ក្មេងឆ្លាត,POS
76663,សម្រេចចិត្តល្ងង់,NEG
76664,សរសេរសំបុត្រ,NEU
76665,ដំបូន្មានល្អ,POS
76666,ការងារគ្មានន័យ,NEG
76667,អានរឿង,NEU
76668,សម្តែងអស្ចារ្យ,POS
76669,កុនធុញ,NEG
76670,ស្តាប់វិទ្យុ,NEU
76671,ចម្លើយត្រូវ,POS
76672,ចម្លើយខុស,NEG
76673,និយាយគ្នា,NEU
76674,អ្នកលក់រួសរាយ,POS
76675,ចរិតឆ្មើង,NEG
76676,មើលទូរទស្សន៍,NEU
76677,ពូកែកុហក,NEG
76678,គិតអនាគត,NEU
76679,សិស្សឧស្សាហ៍,POS
76680,ខ្ជិលណាស់,NEG
76681,រត់លេង,NEU
76682,ទាហានក្លាហាន,POS
76683,លោតចាប់,NEU
76684,សង្គ្រាមទុក្ខ,NEG
76685,ស្រឡាញ់គ្រួសារ,POS
76686,ស្អប់ហិង្សា,NEG
76687,ផឹកទឹកក្រូច,NEU
76688,សង្ឃឹមល្អ,POS
76689,ឈររង់ចាំ,NEU
76690,អាហារសរសើរ,POS
76691,ទៅធ្វើការ,NEU
76692,ទេសភាពគួររស់នៅ,POS
76693,បុគ្គលិកជួយ,POS
76694,ជួសជុលឡាន,NEU
76695,មិនពេញចិត្ត,NEG
76696,ធ្វើកិច្ចការ,NEU
76697,រៀបចំល្អ,POS
76698,ខកចិត្តសេវា,NEG
76699,ញ៉ាំជុំគ្នា,NEU
76700,បរិយាកាសស្រស់ស្រាយ,POS
76701,ធុញរឿងដដែល,NEG
76702,រៀនបើកបរ,NEU
76703,ញញឹមស្អាត,POS
76704,ឈឺចាប់កុហក,NEG
76705,ថ្លៃពេក,NEG
76706,សាមគ្គីល្អ,POS
76707,សំរាមពាសវាល,NEG
76708,ប៉ូលិសធ្វើការ,NEU
76709,កម្សាន្តសប្បាយ,POS
76710,អស់កម្លាំង,NEG
76711,ចំណេះដឹងទ្រព្យ,POS
76712,ប្រមាថមិនល្អ,NEG
76713,រថយន្តឈប់,NEU
76714,សន្តិភាពសំខាន់,POS
76715,ខ្លាចកន្លាត,NEG
76716,សៀវភៅច្រើន,NEU
76717,ក្តីស្រឡាញ់ធំ,POS
76718,ស្ទះខាតពេល,NEG
76719,ពាក់អាវស,NEU
76720,ទ្រាំមិនបាន,NEG
76721,ដើមឈើច្រើន,NEU
76722,មិត្តជួយគ្នា,POS
76723,ជំងឺខ្សោយ,NEG
76724,ញ៉ាំល្ងាច,NEU
76725,បទពិសោធន៍ល្អ,POS
76726,កន្លែងចង្អៀត,NEG
76727,សុខភាពទ្រព្យ,POS
76728,បាត់បង់សោកស្តាយ,NEG
76729,ស្តាប់ចម្រៀង,NEU
76730,យំឈឺចាប់,NEG
76731,អរគុណជួយ,POS
76732,កំហុសធ្ងន់,NEG
76733,ញញឹមសប្បាយ,POS
76734,ផ្សែងពិបាក,NEG
76735,រៀនភាសា,NEU
76736,សម្តែងល្អ,POS
76737,សេដ្ឋកិច្ចធ្លាក់,NEG
76738,ជិះកង់,NEU
76739,ជីវិតសង្ឃឹម,POS
76740,ឈ្លោះមិនល្អ,NEG
76741,តុឈើ,NEU
76742,ជោគជ័យខិតខំ,POS
76743,ធុញការងារ,NEG
76744,ទឹកហូរ,NEU
76745,មេដឹកនាំល្អ,POS
76746,សង្គ្រាមបំផ្លាញ,NEG
76747,សរសេរអត្ថបទ,NEU
76748,មកយឺត,NEG
76749,សាលាចាប់ផ្តើម,NEU
76750,រចនាស្អាត,POS
76751,ធូលីច្រើន,NEG
76752,ឪពុកគ្រូ,NEU
76753,ពេញចិត្តគុណភាព,POS
76754,ក្មេងយំរំខាន,NEG
76755,ទស្សនារមណីយដ្ឋាន,NEU
76756,ពន្យល់ច្បាស់,POS
76757,ទំនិញខុស,NEG
76758,សួនផ្កា,POS
76759,ប្រជុំគ្មានផល,NEG
76760,ម្តាយធ្វើម្ហូប,NEU
76761,ទំនាក់ទំនងល្អ,POS
76762,មិនចូលចិត្តចរិត,NEG
76763,ព្រះចន្ទរះ,NEU
76764,អាហារហឹរ,NEG
76765,សិស្សធ្វើលំហាត់,NEU
76766,ភ្នំស្រស់ស្រាយ,POS
76767,បំពុលមិនល្អ,NEG
76768,កូនសោលើតុ,NEU
76769,ផ្តល់ជូនល្អពេក,POS
76770,ម៉ាស៊ីនខ្លាំង,NEG
76771,សៀវភៅប្រវត្តិ,NEU
76772,បុគ្គលិកសុជីវធម៌,POS
76773,កុំព្យូទ័រគាំង,NEG
76774,អាកាសធាតុល្អ,NEU
76775,សិល្បៈមានតម្លៃ,POS
76776,ខកចិត្តខ្លាំង,NEG
76777,ស្អប់បង្ខំ,NEG
76778,គោរពច្បាប់,NEU
76779,រៀនព្យាណូ,NEU
76780,ស្រឡាញ់សន្តិភាព,POS
76781,កាបូបអន់,NEG
76782,តាំងចិត្តសរសើរ,POS
76783,យន្តហោះចុះ,NEU
76784,អាងហែលទឹក,POS
76785,វេជ្ជបណ្ឌិត,NEU
76786,ក្លិនលូ,NEG
76787,ទិញម្ហូប,NEU
76788,រិះគន់គ្មានមូលដ្ឋាន,NEG
76789,លេងលាក់កន្សែង,NEU
76790,ម្ហូបខ្មែរ,POS
76791,មិនចូលគណនី,NEG
76792,ឈប់សម្រាក,NEU
76793,ធុញស្ទះ,NEG
76794,សាងសង់,NEU
76795,ទទួលកក់ក្តៅ,POS
76796,ប្រេងឡើងថ្លៃ,NEG
76797,បាយស្រូប,NEU
76798,ថ្ងៃលិច,POS
76799,អាត្មានិយម,NEG
76800,ចិត្តស្ងប់,POS
76801,សំបុត្រយន្តហោះ,NEU
76802,ច្នៃប្រឌិត,POS
76803,សម្លៀកបំពាក់,POS
76804,ការពារបរិស្ថាន,NEU
76805,កិត្តិយស,POS
76806,បង្រៀនអក្សរ,NEU
76807,ដំណោះស្រាយ,POS
76808,មិនយកចិត្តទុកដាក់,NEG
76809,តុត្នោត,NEU
76810,ថ្លៃអន់,NEG
76811,ផឹកកាហ្វេ,NEU
76812,មិត្តជួយ,POS
76813,សៀវភៅចំណេះ,POS
76814,រៀបចំស្អាត,POS
76815,សប្បាយរីករាយ,POS
76816,ការងារធ្ងន់,NEG
76817,ឃើញនៅផ្សារ,NEU
76818,រថភ្លើងមក,NEU
76819,គំនិតតម្លៃ,POS
76820,សិស្សឆ្លើយ,NEU
76821,វាលស្រែ,POS
76822,ផឹកតែ,NEU
76823,មិត្តភាព,POS
76824,វិបត្តិ,NEG
76825,ផ្លូវរន្ធ,NEG
76826,ម្ចាស់ផ្ទះ,POS
76827,លក្ខខណ្ឌមិនល្អ,NEG
76828,ព្រះអាទិត្យ,NEU
76829,ក្លិនសំរាម,NEG
76830,ក្តីស្រមៃ,POS
76831,រង់ចាំមួម៉ៅ,NEG
76832,សៀវភៅល្បី,NEU
76833,សប្បុរសធម៌,POS
76834,ទៅលេងជីដូន,NEU
76835,ជឿជាក់,POS
76836,ស្តីបន្ទោស,NEG
76837,ដាំកូនឈើ,NEU
76838,ស្នាមញញឹម,POS
76839,អស់ថ្ម,NEG
76840,ពណ៌ខៀវ,NEU
76841,ពិនិត្យឯកសារ,NEU
76842,ពេញចិត្តបកស្រាយ,POS
76843,រំខាន,NEG
76844,ប៉ូលិស,NEU
76845,បទពិសោធន៍,POS
76846,ទំនិញថ្លៃ,NEG
76847,ស្អប់កុហក,NEG
76848,រថយន្តក្រុង,NEU
76849,ទឹកធ្លាក់,POS
76850,កំហុស,NEG
76851,តស៊ូ,POS
76852,ឯកោ,NEG
76853,អយុត្តិធម៌,NEG
76854,អ្នកគ្រប់គ្រង,NEU
76855,ការចងចាំ,POS
76856,កកកុញ,NEG
76857,ភ្លៀងខ្លាំង,NEU
76858,បដិសេធ,NEG
76859,សិស្សវិន័យ,NEU
76860,ក្តីសុខ,POS
76861,ជំងឺ,NEG
76862,រៀបចំកាបូប,NEU
76863,ផ្តួចផ្តើម,POS
76864,វិស្វករ,NEU
76865,បែកបាក់,NEG
76866,អានសៀវភៅ,NEU
76867,តុបតែង,POS
76868,មិនស្រួល,NEG
76869,សេចក្តីល្អ,POS
76870,តារាចម្រៀង,POS
76871,ភ័យខ្លាច,NEG
76872,ចេញធ្វើការ,NEU
76873,កាហ្វេ,POS
76874,បោកប្រាស់,NEG
76875,ឆ្មា,NEU
76876,សួនច្បារ,POS
76877,រិះគន់,NEG
76878,ពិសោធន៍,NEU
76879,ឱកាសល្អ,POS
76880,សំឡេងម៉ូតូ,NEG
76881,សុភមង្គល,POS
76882,ស្តង់ដារ,POS
76883,ពិព័រណ៍,POS
76884,ឈ្លើយ,NEG
76885,លាងឡាន,NEU
76886,ទឹកចិត្ត,POS
76887,អាហារអន់,NEG
76888,ពិភាក្សា,NEU
76889,ខាតពេល,NEG
76890,សៀវភៅ,NEU
76891,វាលស្មៅ,POS
76892,មើលងាយ,NEG
76893,ទិញផ្លែឈើ,NEU
76894,ម៉ាស៊ីនត្រជាក់,NEG
76895,រៀនហែលទឹក,NEU
76896,រ៉ូមែនទិក,POS
76897,ឡានក្រុង,NEU
76898,សរសេរសារ,NEU
76899,លទ្ធផលល្អ,POS
76900,ធូលី,NEG
76901,ញ៉ាំត្រី,NEU
76902,គ្មានអនាគត,NEG
76903,យោបល់ល្អ,POS
76904,ម្ហូបសាប,NEG
76905,បំបៅកូន,NEU
76906,បុគ្គលិក,POS
76907,ហាត់ប្រាណ,NEU
76908,កក់ក្តៅ,POS
76909,មិនគោរព,NEG
76910,មើលកុន,NEU
76911,តូចចង្អៀត,NEG
76912,កិច្ចការផ្ទះ,NEU
76913,ថ្ងៃរះ,POS
76914,ផាកពិន័យ,NEU
76915,អនាម័យ,POS
76916,យឺតយ៉ាវ,NEG
76917,ភ្ញាក់,NEG
76918,ជិះទូក,NEU
76919,ផលប្រយោជន៍,POS
76920,ប្រមាថ,NEG
76921,តន្ត្រី,POS
76922,ផ្លូវលំ,NEG
76923,ម៉ូតូឌុប,NEU
76924,គោរព,POS
76925,បញ្ហា,NEG
76926,ទាន់ចិត្ត,POS
76927,មង្គលការ,NEU
76928,ធម្មជាតិ,POS
76929,ធនាគារ,POS
76930,តម្លៃថ្លៃ,NEG
76931,ទិន្នន័យ,NEU
76932,រថយន្ត,NEU
76933,យឺត,NEG
76934,ជួសជុល,NEU
76935,សម្លកកូរ,POS
76936,ក្តៅ,NEG
76937,អាវក្រហម,NEU
76938,គាំទ្រ,POS
76939,ស្រុកស្រែ,POS
76940,គណិតវិទ្យា,NEU
76941,មូលដ្ឋាន,POS
76942,ឆ្កែ,NEU
76943,ទទួលស្វាគមន៍,POS
76944,ឆ្លាតវៃ,POS
76945,សៀមរាប,NEU
76946,អង់គ្លេស,NEU
76947,មាត់ទន្លេ,POS
76948,មិនសប្បាយ,NEG
76949,បុណ្យចូលឆ្នាំ,NEU
76950,រង់ចាំយូរ,NEG
76951,ប្រវត្តិសាស្ត្រ,NEU
76952,ស្ងប់ស្ងាត់,POS
76953,សិល្បៈ,POS
76954,ធ្វើបាប,NEG
76955,រង់ចាំ,NEU
76956,សហការ,POS
76957,មិនច្បាស់,NEG
76958,ពីរោះ,POS
76959,គ្រោះថ្នាក់,NEG
76960,លំហាត់ប្រាណ,NEU
76961,អត់ធ្មត់,POS
76962,បរិសុទ្ធ,POS
76963,ចំអិន,NEU
76964,ផ្កា,POS
76965,សារមន្ទីរ,NEU
76966,ប្រាក់ខែ,POS
76967,យាមផ្ទះ,NEU
76968,ក្តីស្រឡាញ់,POS
76969,ការ៉េម,POS
76970,កុំព្យូទ័រ,NEU
76971,សក្តានុពល,POS
76972,លក់ដូរ,NEU
76973,ដឹកជញ្ជូន,POS
76974,រឿងនិទាន,NEU
76975,ព្រៃភ្នំ,POS
76976,តាំងចិត្ត,POS
76977,ធំទូលាយ,POS
76978,គ្រោតគ្រាត,NEG
76979,បក្សី,NEU
76980,មានន័យ,POS
76981,ខឹង,NEG
76982,ចរាចរណ៍,NEU
76983,បំពុល,NEG
76984,គំនិតល្អ,POS
76985,សាមញ្ញ,POS
76986,គ្មានអារម្មណ៍,NEG
76987,ចំណេញ,POS
76988,អាក្រក់,NEG
76989,លោតអន្ទាក់,NEU
76990,ទិញខោអាវ,NEU
76991,ស្អាត,POS
76992,ស្ទះ,NEG
76993,ចម្រៀង,POS
76994,កោះរុង,POS
76995,ក្រុមហ៊ុន,NEG
76996,កាសែត,NEU
76997,គុយទាវ,POS
76998,បន្ទប់ទឹក,NEG
76999,មេឃ,NEU
77000,ទំនិញ,NEG
77001,ពោត,NEU
77002,រៀបចំ,POS
77003,ម៉ាស៊ីន,NEG
77004,គូររូប,NEU
77005,ពេញចិត្ត,POS
77006,ចំណេះដឹង,POS
77007,បាល់បោះ,NEU
77008,ត្រជាក់,POS
77009,សួនសត្វ,NEU
77010,សៀក,POS
77011,លេងដី,NEU
77012,បាត់បង់,NEG
77013,សុខភាព,NEG
77014,សន្សំសំចៃ,POS
77015,របាយការណ៍,NEU
77016,អង្គរ,POS
77017,អាវខៀវ,NEU
77018,ទូរស័ព្ទ,NEG
77019,វិជ្ជាជីវៈ,POS
77020,ស្ទះចរាចរណ៍,NEG
77021,គម្រោង,NEU
77022,សន្យា,NEG
77023,សេវាកម្ម,POS
77024,ការដ្ឋាន,NEG
77025,គ្រូ,NEU
77026,ធ្វើនំ,NEU
77027,ទីក្រុង,POS
77028,ប្រឡង,NEU
77029,អាហារ,NEG
77030,ហ្គីតា,NEU
77031,រថភ្លើង,NEU
77032,ពិសេស,POS
77033,ជនបទ,POS
77034,ដដែលៗ,NEG
77035,បុណ្យសព,NEU
77036,សិស្ស,NEU
77037,បង្អែម,POS
77038,សេវា,POS
77039,សោកស្តាយ,NEG
77040,ផលិតផល,POS
77041,ជប់លៀង,NEU
77042,ឪពុកម្តាយ,POS
77043,សមុទ្រ,NEU
77044,តាក់ស៊ី,NEU
77045,ប្រយោជន៍,POS
77046,បណ្ណាល័យ,NEU
77047,បាល់ទះ,NEU
77048,ផ្លូវ,NEG
77049,មណ្ឌលគិរី,POS
77050,បាល់ទាត់,NEU
77051,សណ្ឋាគារ,POS
77052,ប្រេងសាំង,NEG
77053,ទេសភាព,POS
77054,កម្មវិធី,POS
77055,តម្លៃ,NEG
77056,ព្រៃ,POS
77057,បរិយាកាស,POS
77058,មិនចូលចិត្ត,NEG
77059,ផ្តល់ជូន,POS
77060,អប់រំ,POS
77061,អ៊ីនធឺណិត,NEG
77062,ដំណឹង,POS
77063,លេងទឹក,NEU
77064,សម្តី,NEG
77065,ញ៉ាំអាហារ,NEU
77066,បង្រៀន,NEU
77067,អាកាសធាតុ,POS
77068,ខ្លឹមសារ,POS
77069,គ្មានទឹក,NEG
77070,គោរពទង់,NEU
77071,ថ្លៃ,NEG
77072,តានតឹង,NEG
77073,ម្ហូប,POS
77074,ទីតាំង,POS
77075,កិច្ចការ,NEU
77076,ឡាន,NEG
77077,កោតសរសើរ,POS
77078,បំពាន,NEG
77079,យោបល់,POS
77080,ទស្សនា,NEU
77081,សំណាង,POS
77082,បាត់ទំនុក,NEG
77083,ស្វាគមន៍,POS
77084,រស់នៅ,POS
77085,ខាតបង់,NEG
77086,ស្ត្រេស,NEG
77087,គុណធម៌,POS
77088,មើលថែ,NEU
77089,សួន,POS
77090,ដំបូន្មាន,POS
77091,គ្មានន័យ,NEG
77092,សរសើរ,POS
77093,ជួយ,POS
77094,ស្រស់ស្រាយ,POS
77095,ញញឹម,POS
77096,សាមគ្គី,POS
77097,សំរាម,NEG
77098,កម្សាន្ត,POS
77099,ទ្រព្យ,POS
77100,សំខាន់,POS
77101,ខ្លាច,NEG
77102,ពាក់អាវ,NEU
77103,មានតម្លៃ,POS
77104,គ្មានអនាម័យ,NEG
77105,បង្ខំ,NEG
77106,វឹកវរ,NEG
77107,ព្យាណូ,NEU
77108,អន់,NEG
77109,យន្តហោះ,NEU
77110,ទិញ,NEU
77111,រហ័ស,POS
77112,លេង,NEU
77113,ឆ្ងាញ់,POS
77114,គណនី,NEG
77115,ស្ងប់,POS
77116,ហិង្សា,NEG
77117,សំបុត្រ,NEU
77118,ទូរទស្សន៍,NEU
77119,ឆ្គាំឆ្គង,NEG
77120,ការពារ,NEU
77121,ឡូឡា,NEG
77122,មានប្រសិទ្ធភាព,POS
77123,តុ,NEU
77124,ស្មុគស្មាញ,NEG
77125,ចំណេះ,POS
77126,ស្រអាប់,NEG
77127,មិនល្អ,NEG
77128,ធ្ងន់ធ្ងរ,NEG
77129,ឃើញ,NEU
77130,ងងឹត,NEG
77131,មកដល់,NEU
77132,ឆ្លើយ,NEU
77133,រំភើប,POS
77134,រន្ធ,NEG
77135,លិច,NEU
77136,ធន់,POS
77137,ជិះ,NEU
77138,ការពិត,POS
77139,សប្បុរស,POS
77140,ល្វីង,NEG
77141,ទៅ,NEU
77142,ដេរ,NEU
77143,ដាំ,NEU
77144,ខៀវ,NEU
77145,ទំនុកចិត្ត,NEG
77146,ពិនិត្យ,NEU
77147,ឡើងថ្លៃ,NEG
77148,ស៊ី,NEU
77149,គ្រប់គ្រង,NEU
77150,ចងចាំ,POS
77151,គូរ,NEU
77152,ទាក់ទាញ,POS
77153,ឈ្នះ,POS
77154,ភ័យ,NEG
77155,ចេញ,NEU
77156,ត្រូវចិត្ត,POS
77157,បោក,NEG
77158,ខ្លាំង,NEG
77159,ជួប,NEU
77160,ខ្ពស់,POS
77161,ភ្ជួរ,NEU
77162,លាង,NEU
77163,ល្អឥតខ្ចោះ,POS
77164,ខាត,NEG
77165,លើតុ,NEU
77166,ខៀវខ្ចី,POS
77167,ចេញដំណើរ,NEU
77168,ប្លែក,POS
77169,បាត់,NEG
77170,សាប,NEG
77171,បំបៅ,NEU
77172,ហាត់,NEU
77173,ដេញ,NEU
77174,ចង្អៀត,NEG
77175,ស្រស់ត្រកាល,POS
77176,វិលមុខ,NEG
77177,ផាក,NEU
77178,រត់តុ,NEU
77179,បូម,NEU
77180,ដដែល,NEG
77181,ចិត,NEU
77182,ខូច,NEG
77183,បញ្ចូល,NEU
77184,បុណ្យ,POS
77185,ចត,NEU
77186,ចាប់អារម្មណ៍,POS
77187,ពាក់,NEU
77188,ព្រុស,NEU
77189,សមរម្យ,POS
77190,ច្រូត,NEU
77191,ទន្លេ,POS
77192,យូរ,NEG
77193,ប្រវត្តិ,NEU
77194,ធ្លាក់,NEU
77195,ធ្វើ,NEU
77196,យំ,NEG
77197,ផ្សែង,NEG
77198,យាម,NEU
77199,កម្លាំងចិត្ត,POS
77200,ផ្អែម,POS
77201,លក់,NEU
77202,ប្រៃ,NEG
77203,ធំ,POS
77204,ហើរ,NEU
77205,ត្រួតពិនិត្យ,NEU
77206,ចាញ់,NEG
77207,ពូកែ,NEU
77208,ថែ,NEU
77209,ឈ្ងុយ,POS
77210,សម័យដើម,POS
77211,ស្រឡះ,NEU
77212,ថ្មី,POS
77213,សម្រួល,NEU
77214,សន្សំ,POS
77215,លំហាត់,NEU
77216,គាំង,NEG
77217,ចាប់,NEU
77218,ខ្លាញ់,NEG
77219,ស្តាយ,NEG
77220,ត្រឡប់,NEU
77221,សួរ,NEU
77222,ឈប់,NEU
77223,ងាយយល់,POS
77224,បាក់,NEG
77225,បៃតង,POS
77226,ស្មោះ,POS
77227,ជង្គុក,NEG
77228,ងាប់,NEG
77229,តេស្ត,NEU
77230,គំនូរ,POS
77231,រលាក់,NEG
77232,ទំនើប,POS
77233,ឆ្មើង,NEG
77234,ហែល,NEU
77235,មិនសមរម្យ,NEG
77236,យ៉ាប់,NEG
77237,រក,NEU
77238,គយគន់,POS
77239,មិនស្តង់ដារ,NEG
77240,មិនធ្វើ,NEG
77241,អន្តរជាតិ,POS
77242,ខ្ពើម,NEG
77243,គំរូ,POS
77244,ទូលាយ,POS
77245,គួរស្អប់,NEG
77246,ថ្លៃថ្លា,POS
77247,ត្រូវ,POS
77248,ទុក្ខ,NEG
77249,គួររស់នៅ,POS
77250,ច្រើន,NEU
77251,ដើមឈើ,NEU
77252,ខ្សោយ,NEG
77253,អរគុណ,POS
77254,ធ្ងន់,NEG
77255,ឈ្លោះ,NEG
77256,ហូរ,NEU
77257,បំផ្លាញ,NEG
77258,ចាប់ផ្តើម,NEU
77259,ច្បាស់,POS
77260,គ្មានផល,NEG
77261,ចរិត,NEG
77262,រះ,NEU
77263,ហឹរ,NEG
77264,កូនសោ,NEU
77265,សុជីវធម៌,POS
